"Acc. Date";"Acc. No.";"Class No.";Author;Title;"Vol. No.";Ed.;"Pub. Name";"Pub. Place";Year;Pages;Subject
0000-00-00;DIS1;;"Pawar Sushant J.";"Mean-shift based object tecking tracking with tracker initialization using change detection for smart camera applications";;;;;2010;56;"Electronics &amp; Telecommunication Engineering"
0000-00-00;DIS2;;"Biradar Shashank D";"Porting vx works rtos on xilinx virtex 4 ml410";;;;;2010;64;"Electronics &amp; Telecommunication Engineering"
0000-00-00;DIS3;;"Shaikh Salma B";"Protocol implementation for automatic meter reading using power line communication";;;;;2010;75;"Electronics &amp; Telecommunication Engineering"
0000-00-00;DIS4;;"Marode Sandeep Arun";"Computer vision based offset error computation for web printing machines using fpga";;;;;2010;61;"Electronics &amp; Telecommunication Engineering"
0000-00-00;DIS5;;"Bhangdiya vikas kamalkishor";"Under vehicle survillence system";;;;;2010;49;"Electronics &amp; Telecommunication Engineering"
0000-00-00;DIS6;;"Nandedkar Sanjivani Ekanathrao";"Image coding using dual-tree discrete wavelet transform";;;;;2009;56;"Electronics &amp; Telecommunication Engineering"
0000-00-00;DIS7;;"Ingle Rahul R";"Performance model for fast fourier transform";;;;;2010;64;"Electronics &amp; Telecommunication Engineering"
0000-00-00;DIS8;;"Lokhande Geetanjali V";"Study of Robust Water Making In Wavelet Domain Using Spread Spectrum Basis";;;;;2010;58;"Electronics &amp; Telecommunication Engineering"
0000-00-00;DIS9;;"Shilpa B U";"An effective iris recognition system for identification of humans";;;;;2010;55;"Electronics &amp; Telecommunication Engineering"
0000-00-00;DIS10;;"Vyawhare Samata Gyanoba";"Extraction of complex wavelet features for iris recognition";;;;;2010;48;"Electronics &amp; Telecommunication Engineering"
0000-00-00;DIS11;;"Vekhande Swapnil Sudhir";"Fingerprint orientation refinement and classification based on 2d fourier expansion";;;;;2010;49;"Instrumentation Engineering"
0000-00-00;DIS12;;"Namewar Manjusha Nagoba";"Unsupervised texture classification by extracting multi-scale features";;;;;2010;49;"Electronics &amp; Telecommunication Engineering"
0000-00-00;DIS13;;"Shah Vipul Kanaiyalal";"Image retrieval using fourier shape descriptors";;;;;2010;71;"Electronics &amp; Telecommunication Engineering"
0000-00-00;DIS14;;"Joshi Sanjay B";"Number plate identification based on image processing techniques";;;;;2010;57;"Instrumentation Engineering"
0000-00-00;DIS15;;"Jabde Sanjay C";"Automation of sterilization process & clean-in-place (cip) plant using hybrid distributed control system";;;;;2010;92;"Instrumentation Engineering"
0000-00-00;DIS16;;"Sukalkar Mayra P";"Automation of tar separation plant, burnpur";;;;;2011;151;"Instrumentation Engineering"
0000-00-00;DIS17;;"Sonkhaskar Madhuri M";"Digital image watermarking using singular value decomposition and genetic algorithm";;;;;2011;74;"Electronics and Telecommunication"
0000-00-00;DIS18;;"Jagtap Jayant Janardhan";"Human age classification using 2-d gabor wavelet and neural network";;;;;2011;39;"Electronics and Telecommunication"
0000-00-00;DIS19;;"Daimi Syed Naser Syed Waheeduddin";"Application of wavelet networks in single trial estimation of vep, ecg noise reduction and classification";;;;;2011;73;"Electronics and Telecommunication"
0000-00-00;DIS20;;"Pramanik Meenakshi";"Texture segmentation using multichannel filtering and kohonen""s self orginizing map";;;;;2011;53;"Electronics and Telecommunication"
0000-00-00;DIS21;;"Chaudhari Abhishek G";"Reconstruction of torn page based on corner and segment matching";;;;;2011;40;"Electronics and Telecommunication"
0000-00-00;DIS22;;"Rote Manoj D";"Parallel key rsa crypto-processor implementation on fpga for multimedia application";;;;;2011;35;"Electronics and Telecommunication"
0000-00-00;DIS23;;"Narkhede Manish M";"Electronic gear shifting based on fuzzy neural decision making model";;;;;2011;53;"Electronics and Telecommunication"
0000-00-00;DIS24;;"Ameen Alfiya A";"Design and simulation of mems capacitive pressure sensor for bite force measurement";;;;;2011;48;"Instrumentation Engineering"
0000-00-00;DIS25;;"Sangitrao Rachana R";"Automation of sewage treatment plant using plc & scada";;;;;2011;81;"Instrumentation Engineering"
0000-00-00;DIS26;;"Vatne Ashwinkumar A";"Feature extraction and analysis of ecg signal using wavelet transform";;;;;2011;61;"Instrumentation Engineering"
0000-00-00;DIS27;;"Gajbhar Shrishail Sharad";"Person verification system based on iris texture features";;;;;2011;107;"Instrumentation Engineering"
0000-00-00;DIS28;;"Dasarwar Archana Ramesh";"Inter carrier interference self cancellation scheme for ofdm mobile communication system";;;;;2011;68;"Electronics and Telecommunication"
0000-00-00;DIS29;;"Muley Shilpa Madhukar";"Dct based iris recognition";;;;;2011;57;"Electronics and Telecommunication"
0000-00-00;DIS30;;"Muley Manoj S";"Control of advanced heavy water reactor";;;;;2011;94;"Instrumentation Engineering"
0000-00-00;DIS31;;"Parkhe Jayant";"Some studies on control of nuclear reactors";;;;;2011;97;"Instrumentation Engineering"
0000-00-00;DIS32;;"Pandagale Martand P";"Thermal analysis of heat pipe oven plasma chamber for photo-ionized lithium plasma for wakefield accelerator experiment";;;;;2011;43;"Production Engineering"
0000-00-00;DIS33;;"Chapke Yashwant U";"Factory flow based material flow analysis";;;;;2011;75;"Production Engineering"
0000-00-00;DIS34;;"Mashalkar Anil Shivsharan";"A method to take forming analysis data into the crashworthiness model: case study of automotive chassis structure crash analysis";;;;;2011;45;"Production Engineering"
0000-00-00;DIS35;;"Hese Nitin Khirappa";"Enhancement of tracking mechanism of some computer aided design features";;;;;2011;53;"Production Engineering"
0000-00-00;DIS36;;"Makane Vishal Shivdarshan";"Design of power and free conveyor";;;;;2011;54;"Production Engineering"
0000-00-00;DIS37;;"Salunke M D";"Analysis of porous metal journal beaking by finite element method";;;;;2011;67;"Production Engineering"
0000-00-00;DIS38;;"Joshi Nilesh B";"Finite element analysis of spur gear crack propagation for optimal weight to life ratio";;;;;2011;59;"Production Engineering"
0000-00-00;DIS39;;"Machkale Prashanth D";"Finite element analysis of transient thermoelastic contract in fgake dise rotar";;;;;2011;76;"Production Engineering"
0000-00-00;DIS40;;"Satav Pratik Kisan";"Multi model assembly line balaning";;;;;2011;38;"Production Engineering"
0000-00-00;DIS41;;"Gawade Shyam Sudam";"Simulation of thin walled axisy mmetrical cylindrical components and its validation by using electromagnetic forming";;;;;2011;55;"Production Engineering"
0000-00-00;DIS42;;"Sundge Rupesh S";"Dynamic analysis of sports equiment using finite element: a case study using tennis racket";;;;;2011;32;"Production Engineering"
0000-00-00;DIS43;;"Gaikwad Amol Baburao";"Design and thermal analysis of tungsten lonizer hot plate q-machine-like plasma in a multi-cusp magnetic field";;;;;2011;46;"Production Engineering"
0000-00-00;DIS44;;"Potpelwar Sumit Chandrakant";"Design and analysis of an automotive bumper beam in low-speed frontal crashes";;;;;2011;51;"Production Engineering"
0000-00-00;DIS45;;"Deshpande Kuldip Keshavrao";"Decision support tool for appropriate cannibalism on end of life of product";;;;;2011;85;"Production Engineering"
0000-00-00;DIS46;;"Nikam Amit Arun";"Design of test section of rail class brake dynamometer";;;;;2011;63;"Production Engineering"
0000-00-00;DIS47;;"Wawre Sachin Sureshrao";"Parametric modeling for valve component families";;;;;2011;88;"Production Engineering"
0000-00-00;DIS48;;"Sarpate Sambhaji S";"Optimization of process parameters of wire electro discharge machining of inconel 625";;;;;2011;66;"Production Engineering"
0000-00-00;DIS49;;"Shatalwar Balaji Jagannath";"Some studies in electric discharge machining of different materials for mrr";;;;;2011;71;"Production Engineering"
0000-00-00;DIS50;;"Kamble Raju Sheshrao";"Simple genetic algorithm for optimization of process parameters of wire electro-discharge maching for kerf width and meatl removal rate";;;;;2011;121;"Production Engineering"
0000-00-00;DIS51;;"Kabade Dinesh Kishanrao";"Optimization of toolpath through vericut";;;;;2011;110;"Production Engineering"
0000-00-00;DIS52;;"Salve Praphullakumar Marotirao";"Experimental analysis of laminated composite plates subjected to machanical loading";;;;;2011;43;"Production Engineering"
0000-00-00;DIS53;;"Agrawal Eshan Sainath";"Thermal analysis of die-sinking edm";;;;;2011;41;"Production Engineering"
0000-00-00;DIS54;;"Gadge Maroti Sahebrao";"Attribute mapping to different item type revisions & their excel dataset";;;;;2009;47;"Production Engineering"
0000-00-00;DIS55;;"Quadar Syed Abdul";"Rich client customization for data export from teamcenter to physical location";;;;;2011;54;"Production Engineering"
0000-00-00;DIS56;;"Sagare Prashant M";"Web based asset lifecycle management in wind farm-a plm approach";;;;;2011;137;"Production Engineering"
0000-00-00;DIS57;;"Suryawanshi Dnyaneshwar Panjabraro";"Electrical routing automation using nxopen application programming interface";;;;;2011;53;"Production Engineering"
0000-00-00;DIS58;;"Mule Jaykumar Yoga";"Extraction of nx assembly from teamcenter to physical location";;;;;2011;55;"Production Engineering"
0000-00-00;DIS59;;"Dhanorkar Rajesh V";"A collaborative process of product life cycle management for manufaxturing industry";;;;;2011;62;"Production Engineering"
0000-00-00;DIS60;;"Chavan Sandip B";"Teamcenter enginering customization v9.1.3 (report generation)";;;;;2011;93;"Production Engineering"
0000-00-00;DIS61;;"Joshi Bhalchandra Murlidharrao";"Data transfer between multiple plm systems";;;;;2011;55;"Production Engineering"
0000-00-00;DIS62;;"Mahadik Vikram B";"Algorithm development for transformation of geometrical model and its associated product structure from iris cad model to surface based lightweight tesselated 3dxml format";;;;;2011;42;"Production Engineering"
0000-00-00;DIS63;;"Jadhav Kishor Srikant";"Dependency analysis for object-oriented software";;;;;2011;32;"Production Engineering"
0000-00-00;DIS64;;"Gundale Aniket Ashokrao";"Breaking down the information silos between manufacturing and design - a new approach for plm-erp integration";;;;;2011;65;"Production Engineering"
0000-00-00;DIS65;;"Shivpuje Rahul H";"Mso file upgrade & custom workflow, handlers";;;;;2011;60;"Production Engineering"
0000-00-00;DIS66;;"Jatti Sunil Madhukarrao";"Arm based data converter interfacing scheme for decelopment of dc calibrator";;;;;2009;69;"Electronics and Telecommunication"
0000-00-00;DIS67;;"Sardeshpande Rachana R";"Shape optimization of cancer tumor using multileaf collimator";;;;;2009;66;"Electronics and Telecommunication"
0000-00-00;DIS68;;"Shirse Ankush M";"Detection and analysis of qrs complex using wavelet transform";;;;;2009;54;"Instrumentation Engineering"
0000-00-00;DIS69;;"Bhavsar Sarika V";"Automation of vapor absorption machine/chiller";;;;;2011;81;INSTRUMENTATION.
0000-00-00;DIS70;;"Jadhav Vitthal S";"Monitoring and control of industrial process parameters using smart sensors";;;;;2011;71;INSTRUMENTATION.
0000-00-00;DIS71;;"Gowande Ashish Shirish";"Plasma position control in sst-1 tokamak";;;;;2012;69;INSTRUMENTATION.
0000-00-00;DIS72;;"Giri sachin Satish";"Fuzzy logic based control of three tank system";;;;;2012;65;INSTRUMENTATION.
0000-00-00;DIS73;;"Pokharkar Sameer R";"Early pest identification in various crops usig image processing techniques";;;;;2012;86;INSTRUMENTATION.
0000-00-00;DIS74;;"Unhale Ajay A";"Fingerprint feature extraction and matching";;;;;2012;50;INSTRUMENTATION.
0000-00-00;DIS75;;"Suryavanshi Vikas Vinayak";"Automation of concrete pipe manufacturing using plc & hmi";;;;;2012;69;INSTRUMENTATION.
0000-00-00;DIS76;;"Kumbhar Arivnd B";"Implementation of vfd through ether net using rockwell plc system";;;;;2012;71;INSTRUMENTATION.
0000-00-00;DIS77;;"Deshmukh Pooja P";"Online signature abased person verification";;;;;2012;40;INSTRUMENTATION.
0000-00-00;DIS78;;"Syed Muffassir Mir Sadat Ali";"Design of low voltage low power neuromorphic circuits using cadence tools";;;;;2012;70;"ELECTRONIC AND TELECOMMUNICATION"
0000-00-00;DIS79;;"Narwade Pradeep Narayan";"Offline signature verification using shape dissimilarities";;;;;2012;48;"ELECTRONIC AND TELECOMMUNICATION"
0000-00-00;DIS80;;"Randive Santosh Nagnath";"Fusing local patterns of gabor magnitude and phase for face recognition";;;;;2012;38;"ELECTRONIC AND TELECOMMUNICATION"
0000-00-00;DIS81;;"Singadkar Ganesh Sudhakar";"Content based image retriveval using color and texture features";;;;;2012;53;"ELECTRONIC AND TELECOMMUNICATION"
0000-00-00;DIS82;;"Deshpande Kaustubh Bhujangrao";"Application of wavelet networks in ecg noise reduction and classification";;;;;2012;49;"ELECTRONIC AND TELECOMMUNICATION"
0000-00-00;DIS83;;"Wani Nilesh S";"Vlsi implementation of watermarking schemes for a secure still digital camera design";;;;;2012;48;"ELECTRONIC AND TELECOMMUNICATION"
0000-00-00;DIS84;;"Bansod Suprit Dhananjay";"Detection and removal of ground shadows in outdoor consumer photographs";;;;;2012;58;"ELECTRONIC AND TELECOMMUNICATION"
0000-00-00;DIS85;;"Khond Nakul Shankarrao";"Design & implementation of low power sram using cadence design tool";;;;;2012;50;"ELECTRONIC AND TELECOMMUNICATION"
0000-00-00;DIS86;;"Fuladi Babubali Prakash";"Fpga co-processor for texture segmentation";;;;;2012;67;"ELECTRONIC AND TELECOMMUNICATION"
0000-00-00;DIS87;;"Kulkarni Aniket Damodar";"Digital image watermarking using dwt-svd";;;;;2012;37;"ELECTRONIC AND TELECOMMUNICATION"
0000-00-00;DIS88;;"Bage Akash S";"Design and analysis of tungsten hot plate ionizer of q-machine";;;;;2012;68;"PRODUCTION ENGINEERING"
0000-00-00;DIS89;;"Bhoyar Pankaj Kailasrao";"Finite element analysis of superplastically formed front car fender panel";;;;;2012;57;"PRODUCTION ENGINEERING"
0000-00-00;DIS90;;"Chavan Rameshwar Vyankatrao";"Design & analysis of high thickness welding for vacuum vessel using sysweld software";;;;;2012;55;"PRODUCTION ENGINEERING"
0000-00-00;DIS91;;"Deshmukh Amit V";"Dmadv methodology for the quality improvemnet of fuel injector nozzle";;;;;2012;54;"PRODUCTION ENGINEERING"
0000-00-00;DIS92;;"Deshmukh Vikram R";"Fiber laser machining of inconel 600";;;;;2012;57;"PRODUCTION ENGINEERING"
0000-00-00;DIS93;;"Ghazi Altamash Ahmed Noorullah";"Structural and modal analysis of centrifugal blower using ansys 11.0 an investigation of improvements in dynamic properties of metal blower using composites";;;;;2012;0;"PRODUCTION ENGINEERING"
0000-00-00;DIS94;;"Gore Abhay S";"Design and analysis of coil and coil support for aditya tokamark";;;;;2012;62;"PRODUCTION ENGINEERING"
0000-00-00;DIS95;;"Gopekar Dipak Uttamrao";"Design and analysis of wind turbine blades - a cfd approach";;;;;2012;114;"PRODUCTION ENGINEERING"
0000-00-00;DIS96;;"Kadam Shrinivas";"Functionality & usability improvements for in context-modeling in nx";;;;;2012;0;"PRODUCTION ENGINEERING"
0000-00-00;DIS97;;"Kodarkar Nakul M";"Design analysis of ultra high vacuum vessel and up-gradation of limiters for aditya tokmak";;;;;2012;0;"PRODUCTION ENGINEERING"
0000-00-00;DIS98;;"More Pratik Ashok";"Enhancement to save outside teamcenter for crash recovery";;;;;2012;69;"PRODUCTION ENGINEERING"
0000-00-00;DIS99;;"Patil Atul Ranendra";"Design and development of shell and tube heat exchanger by using cfd";;;;;2012;79;"PRODUCTION ENGINEERING"
0000-00-00;DIS100;;"Patil Shivaji C";"Performance analysis of automotive paint shop by using discrete event simulation";;;;;2012;53;"PRODUCTION ENGINEERING"
0000-00-00;DIS101;;"Sarode Hemant Dnyandeo";"Teamcenter report customization and data synchronization with ms-excel";;;;;2012;59;"PRODUCTION ENGINEERING"
0000-00-00;DIS102;;"Sonule Vishal Tanajirao";"Finite element analysis of hydro formed tube using ls-dyna";;;;;2012;46;"PRODUCTION ENGINEERING"
0000-00-00;DIS103;;"Sonune Shrinivas Gangadharrao";"Study the effect of activating fluxes on gmaw and gtaw process for 8 mm thick aisi 304 ass";;;;;2012;88;"PRODUCTION ENGINEERING"
0000-00-00;DIS104;;"Swami Santosh S";"Design modifications and fe analysis of pipe clamp assembly";;;;;2012;64;"PRODUCTION ENGINEERING"
0000-00-00;DIS105;;"Vyavahare P Z";"Numerical design optimization of draw bead position for square and hemispherical cup in sheet metal";;;;;2012;41;"PRODUCTION ENGINEERING"
0000-00-00;DIS106;;"Chanmanwar Rahul M";"Study fabrication and characterization of mirofluidic chip";;;;;2012;74;"PRODUCTION ENGINEERING"
0000-00-00;DIS107;;"Gambhire Himanshu Popatrao";"Optimization of tig welding process parameters for different weld sample parameters with taguchi method and simulation studies";;;;;2012;122;"PRODUCTION ENGINEERING"
0000-00-00;DIS108;;"Suryawanshi Sumit B";"Design and analysis of an instrument cluster";;;;;2012;77;"PRODUCTION ENGINEERING"
0000-00-00;DIS109;;"Bangale Abhijeet A";"A real estate management information system";;;;;2012;78;"PRODUCTION ENGINEERING"
0000-00-00;DIS110;;"Desai Avinash Subhashrao";"Migrating legacy bom data from erp to plm";;;;;2012;61;"PRODUCTION ENGINEERING"
0000-00-00;DIS111;;"Gunale Rahul Bhaskerrao";"Implementation of plm in apollo tubes manufacturer";;;;;2012;90;"PRODUCTION ENGINEERING"
0000-00-00;DIS112;;"Joshi Nagesh Laxmikant";"Rapid value solution for custom teamcenter & nx upgrade";;;;;2012;62;"PRODUCTION ENGINEERING"
0000-00-00;DIS113;;"Kohale Ram R";"Business process mapping for oem using customized workflow";;;;;2012;47;"PRODUCTION ENGINEERING"
0000-00-00;DIS114;;"Kondolikar Anand S";"Clearance db-lifecycle visulization clearance database";;;;;2012;66;"PRODUCTION ENGINEERING"
0000-00-00;DIS115;;"Kurumbhatte Govind Venkatrao";"Variant management in bicycle industry";;;;;2012;53;"PRODUCTION ENGINEERING"
0000-00-00;DIS116;;"Losarwar Sudhir Subhash";"Implementation of aras innovator 9.3 & vault configuration";;;;;2012;49;"PRODUCTION ENGINEERING"
0000-00-00;DIS117;;"Patil Anand S";"Configuring web tier service oriented customization of teamcenter";;;;;2012;49;"PRODUCTION ENGINEERING"
0000-00-00;DIS118;;"Pethkar Gajanan Vijayrao";"Plm integrated reliability framework";;;;;2012;80;"PRODUCTION ENGINEERING"
0000-00-00;DIS119;;"Waghmare Sachin Arunrao";"Teamcenter customization for securing and enhanced scaling of nx drawings";;;;;2012;57;"PRODUCTION ENGINEERING"
0000-00-00;DIS120;;"Bandela Chandrashekhar Venkatswamy";"Implementation of teamchenter in flywheel industry";;;;;2012;62;"PRODUCTION ENGINEERING"
0000-00-00;DIS121;;"Chavan Ratnaprabha B";"Hand gesture recognition";;;;;2012;48;"ELECTRONIC AND TELECOMMUNICATION"
0000-00-00;DIS122;;"Bhatane Parmeshwar Manoharrao";"Automation of power plant using honeywell dcs";;;;;2012;109;INSTRUMENTATION.
0000-00-00;DIS123;;"Joshi Kalpana Dinkarrao";"Dissimilarity measure for clustering catagorical data";;;;;2013;34;"COMPUTER SCIENCE AND ENGINEERING"
0000-00-00;DIS124;;"Deolasi Dhaval Subhashrao";"Adaptive cell relay routing protocol for mobile ad hoc networks";;;;;2013;32;"COMPUTER SCIENCE AND ENGINEERING"
0000-00-00;DIS125;;"Abhang Tanmay Ashok";"Constructing enhanced interdomain packet filter to control ip spoofing";;;;;2013;40;"COMPUTER SCIENCE AND ENGINEERING"
0000-00-00;DIS126;;"Vaidya Swapnil Ashok";"Handwritten character recognition";;;;;2013;42;"COMPUTER SCIENCE AND ENGINEERING"
0000-00-00;DIS127;;"Baswade Anand Madhavrao";"Weighted K-means type clustering";;;;;2013;32;"COMPUTER SCIENCE AND ENGINEERING"
0000-00-00;DIS128;;"Rout Surendra Harihar";"Performance evaluation of routing protocols in manet";;;;;2013;48;"COMPUTER SCIENCE AND ENGINEERING"
0000-00-00;DIS129;;"Gavali Vaibhav";"Document Segmentation and understanding";;;;;2013;46;"COMPUTER SCIENCE AND ENGINEERING"
0000-00-00;DIS130;;"Rokade Santosh Dnyaneshwar";"Enhanced Bisecting K-means clustering";;;;;2013;36;"COMPUTER SCIENCE AND ENGINEERING"
0000-00-00;DIS131;;"Kamble Maheshkumar Shivaji";"Nymble: blocking misbhaving users in anonymizing networks";;;;;2013;38;"COMPUTER SCIENCE AND ENGINEERING"
0000-00-00;DIS132;;"Ramtake Sneha Murlidhar";"Enhancing palmprint feature security using pca and watermarking";;;;;2013;64;"COMPUTER SCIENCE AND ENGINEERING"
0000-00-00;DIS133;;"Suryawanshi Lalsaheb";"Multicast data authentication and detection of bad signature";;;;;2013;46;"COMPUTER SCIENCE AND ENGINEERING"
0000-00-00;DIS134;;"Gaikwad Shital Yadavrao";"Providing end-to-end secure communication in wireless sensor networks";;;;;2013;46;"COMPUTER SCIENCE AND ENGINEERING"
0000-00-00;DIS135;;"Malekar Vaishali Bapuji";"An approach to protect session data using tree-based data dependency concept";;;;;2013;38;"COMPUTER SCIENCE AND ENGINEERING"
0000-00-00;DIS136;;"Adhav Ravi Ashokrao";"Tbar: tree based association rule mining";;;;;2013;44;"COMPUTER SCIENCE AND ENGINEERING"
0000-00-00;DIS137;;"Baradkar Shantnu R";"Control Schemes for processes with time delay";;;;;2013;94;INSTRUMENTATION.
0000-00-00;DIS138;;"Bhase Swapnil";"Design of fractional-order controllers for process control applications";;;;;2013;108;INSTRUMENTATION.
0000-00-00;DIS139;;"Jannawar Supriya Prakashrao";"Tuning of pid controller for integrating process with time delay";;;;;2013;54;INSTRUMENTATION.
0000-00-00;DIS140;;"Kadam Sujay Delip";"Control of integrating processes with dead-time";;;;;2013;74;INSTRUMENTATION.
0000-00-00;DIS141;;"Londhe Pandurang S";"Spatial control of advanced heavy water reactor";;;;;2013;126;INSTRUMENTATION.
0000-00-00;DIS142;;"Mahale Suvarna M";"Civil structure damage detection using discrete wavelet transform and artificial neural network";;;;;2013;48;INSTRUMENTATION.
0000-00-00;DIS143;;"Maid Santosh C";"Electrical grid: communicative grids of the future";;;;;2013;76;INSTRUMENTATION.
0000-00-00;DIS144;;"Nikam Ganesh Kacharu";"Development of online face detection and recognition system";;;;;2013;72;INSTRUMENTATION.
0000-00-00;DIS145;;"Pakhare Abhay Ashokrao";"Pid controller tuning using genetic algorithm";;;;;2013;60;INSTRUMENTATION.
0000-00-00;DIS146;;"Pikle Umeshchandra K";"Solar powered greenhouse automation";;;;;2013;126;INSTRUMENTATION.
0000-00-00;DIS147;;"Potdar Gajanan";"Real time acquisition and processing of ecg signal for heart rate variability";;;;;2013;48;INSTRUMENTATION.
0000-00-00;DIS148;;"Saurabh Kumar";"Some studies on model reference adaptive control";;;;;2013;60;INSTRUMENTATION.
0000-00-00;DIS149;;"Shidardi Gajanan S";"Design of an algorithm for robust iris recognition system: selective signatures classification approach";;;;;2013;60;INSTRUMENTATION.
0000-00-00;DIS150;;"Shingnapure Sonal Narayanrao";"Design approach for analog and digital pid controller";;;;;2013;52;INSTRUMENTATION.
0000-00-00;DIS151;;"Tiwari Kunal Narendra";"Development of intelligent controllers for autonomous underwater vehicles";;;;;2013;104;INSTRUMENTATION.
0000-00-00;DIS152;;"Yerande Vinita Vishnupant";"Person identification system based on palmprint texture features";;;;;2013;70;INSTRUMENTATION.
0000-00-00;DIS153;;"Pukale Vrushali S";"Model based design of aggregate engine control";;;;;2013;88;"ELECTRONIC AND TELECOMMUNICATION"
0000-00-00;DIS154;;"Sahu Archana Lambodara";"Content-based image retrieval based on color difference histogram and its modified versions";;;;;2013;48;"ELECTRONIC AND TELECOMMUNICATION"
0000-00-00;DIS155;;"Nandedkar Varsha Pandit";"Speech recognition using fuzzy min max neural network";;;;;2013;34;"ELECTRONIC AND TELECOMMUNICATION"
0000-00-00;DIS156;;"Kuche Darshana Ravindra";"Design, implementation and analysis of 10bit, 200ms/s pipeline adc using opamp sharing technique";;;;;2013;42;"ELECTRONIC AND TELECOMMUNICATION"
0000-00-00;DIS157;;"Chavan Trupti Ramdas";"Digital image inpainting using surf";;;;;2013;74;"ELECTRONIC AND TELECOMMUNICATION"
0000-00-00;DIS158;;"Watode Amruta Sambhajirao";"Medical image segmentation using kmean clustering and improved watershed algorithm";;;;;2013;36;"ELECTRONIC AND TELECOMMUNICATION"
0000-00-00;DIS159;;"Nikhade Lokesh";"Implementation of the behaviour of low power i&f spiking neuron";;;;;2013;44;"ELECTRONIC AND TELECOMMUNICATION"
0000-00-00;DIS160;;"Pardhi Pravin Mohan";"Low-voltage cmos analog multipliers";;;;;2013;34;"ELECTRONIC AND TELECOMMUNICATION"
0000-00-00;DIS161;;"Shinde Ashok Naganath";"Content based image retrieval using multiresolution color and texture feature";;;;;2013;52;"ELECTRONIC AND TELECOMMUNICATION"
0000-00-00;DIS162;;"Kamble Ravi Mukundrao";"Motion detection and tracking for video surveillance";;;;;2013;46;"ELECTRONIC AND TELECOMMUNICATION"
0000-00-00;DIS163;;"Adhao Prashant Maroti";"Geographical routing protocol in urban vehicular scenarios";;;;;2013;88;"Information Technology"
0000-00-00;DIS164;;"Dane Santosh Ashruba";"Imputation method for missing value estimation of mixed-attribute data sets";;;;;2013;78;"Information Technology"
0000-00-00;DIS165;;"Deshmukh Varun Tukaram";"Performance analysis of algorithms minimizing channel interference in wlan using simulation";;;;;2013;100;"Information Technology"
0000-00-00;DIS166;;"Gaikwad Shripad Shivajirao";"Surfacing algorithm for designing and manufacturing 3d models";;;;;2013;72;"Information Technology"
0000-00-00;DIS167;;"Ingole Avinash Murlidhar";"Credit card fraud detection using hidden markov model and its performance";;;;;2013;116;"Information Technology"
0000-00-00;DIS168;;"Joshi Renukadas Chandrakant";"Magnum: security assessment automation framework";;;;;2013;64;"Information Technology"
0000-00-00;DIS169;;"Kashikar Prachi Pramod";"Daubind holes in revamped meshes";;;;;2013;68;"Information Technology"
0000-00-00;DIS170;;"Gochade Chhaya S";"Handwriting recognition using neural networking";;;;;2013;134;"Information Technology"
0000-00-00;DIS171;;"Patil Pallavi G";"Ensuring data storage security in cloud computing";;;;;2013;144;"Information Technology"
0000-00-00;DIS172;;"Madavi Soniya Nilkanth";"Tcp congestion window adaptation through contention detection in ad hoc networks";;;;;2013;96;"Information Technology"
0000-00-00;DIS173;;"Peshwe Neha Avinash";"Content based image retrieval using dominant color and texture";;;;;2013;120;"Information Technology"
0000-00-00;DIS174;;"Sawan Sakharam Borul";"Plm tool upgradation, planning customizations and plm-erp integration";;;;;2013;50;"PRODUCTION ENGINEERING"
0000-00-00;DIS175;;"Deshmukh Vaibhav Shivajirao";"Customizing form & property display a treacenter r ich client customization approach";;;;;2013;66;"PRODUCTION ENGINEERING"
0000-00-00;DIS176;;"Hiwale Harishchandra Maruti";"Validation of item existence in tremcenter using tc soa customization approach";;;;;2013;58;"PRODUCTION ENGINEERING"
0000-00-00;DIS177;;"Imran Ahmed Khan";"Customization of teamcenter for administrative purposes";;;;;2013;70;"PRODUCTION ENGINEERING"
0000-00-00;DIS178;;"Jadhav Nilesh Lingraj";"Creation of custom forms in tremcenter tm using service oriented architecture";;;;;2013;56;"PRODUCTION ENGINEERING"
0000-00-00;DIS179;;"Kondekar Gangadhar Ramrao";"Working out with workflow in process items using soa customization";;;;;2013;90;"PRODUCTION ENGINEERING"
0000-00-00;DIS180;;"Nikam Yogesh Vishnu";"Edit spreadsheet: support effectivess of macros/vba of ms-excel in data analysis";;;;;2013;52;"PRODUCTION ENGINEERING"
0000-00-00;DIS181;;"Patil Anup Shivajirao";"Creation of data sharing application of vendor for tremcenter using plm approach";;;;;2013;84;"PRODUCTION ENGINEERING"
0000-00-00;DIS182;;"Patil Susheel Jiwanrao";"Separating assembly items and component items from teamcenter 8.3 using customized program";;;;;2013;62;"PRODUCTION ENGINEERING"
0000-00-00;DIS183;;"Rode Ketan Laxman";"Bom report generation with required configuration by revision rule";;;;;2013;64;"PRODUCTION ENGINEERING"
0000-00-00;DIS184;;"Radkar Dnyaneshwar Ganpatrao";"Workflow management system with cutomized handler";;;;;2013;46;"PRODUCTION ENGINEERING"
0000-00-00;DIS185;;"Rodkar Sachin Ganpatrao";"Codeless customization applications for implementing plm in automotive industries";;;;;2013;9;"PRODUCTION ENGINEERING"
0000-00-00;DIS186;;"Rathod Vijaykumar Motiram";"Service oriented architecture customization for utilization of lincenses";;;;;2013;54;"PRODUCTION ENGINEERING"
0000-00-00;DIS187;;"Sundge Roshani S";"A procedure for exporting items with the help of custom toolbar using rac in teamcenter";;;;;2013;50;"PRODUCTION ENGINEERING"
0000-00-00;DIS188;;"Tekale Surajkumar Narhari";"Creation of multiple items in tremcenter tm using soa";;;;;2013;64;"PRODUCTION ENGINEERING"
0000-00-00;DIS189;;"Rajmore Prabhakar Govindrao";"Analysis of influence of lubrication and drawbead in sheet metal forming";;;;;2013;34;"PRODUCTION ENGINEERING"
0000-00-00;DIS190;;"Thote Abhijeet Bhausaheb";"Thermal analysis of sic/sic composites for fusion reactor application";;;;;2013;144;"PRODUCTION ENGINEERING"
0000-00-00;DIS191;;"Pawar Mahesh Dattatraya";"Crash analysis of security bollard: a case study";;;;;2013;56;"PRODUCTION ENGINEERING"
0000-00-00;DIS192;;"Pokale Shrikant Baliram";"Client side customization for checking user rights in teamcenter and generating report to a physical location";;;;;2013;36;"PRODUCTION ENGINEERING"
0000-00-00;DIS193;;"Bhamare Abhishek Bhanudasrao";"Roll pass design software using vb application";;;;;2013;24;"PRODUCTION ENGINEERING"
0000-00-00;DIS194;;"Bhaisare Suresh Dewaji";"Weight optimization of steering kunckle";;;;;2013;48;"PRODUCTION ENGINEERING"
0000-00-00;DIS195;;"Ausekar Shashikant R";"Computer aided design and modeling of spur gear using open cascade and visual C++";;;;;2013;74;"PRODUCTION ENGINEERING"
0000-00-00;DIS196;;"Bhosle Raju Bansidharrao";"Investigation of the effects of process parameters on the formation of recast layer and heat affecied zone in wedm of incone1625";;;;;2013;70;"PRODUCTION ENGINEERING"
0000-00-00;DIS197;;"Devke Govind Vaijanathrao";"Life estimation of coolant expansion tank under cyclic loading pressure & temperature";;;;;2013;52;"PRODUCTION ENGINEERING"
0000-00-00;DIS198;;"Yennam Kanchanmala D";"Teamcenter Integrated application for predicting the fillet weld bead geometry";;;;;2013;70;"PRODUCTION ENGINEERING"
0000-00-00;DIS199;;"Pardeshi Niranjansing Rasiksing";"Numerical study of cooling of engine head block using co-simulation technique";;;;;2013;50;"PRODUCTION ENGINEERING"
0000-00-00;DIS200;;"Patil Jeet Pralhad";"Thermal analysis of welding process";;;;;2013;74;"PRODUCTION ENGINEERING"
0000-00-00;DIS201;;"Kulkarni Dhananjay Shashikant";"Part modules: implementation of modular design in nx";;;;;2013;46;"PRODUCTION ENGINEERING"
0000-00-00;DIS202;;"Kulkarni Shalaka Shrinivas";"Study of dielectric effect and process parameter optimization in wedm using taguchi method and utility concept";;;;;2013;62;"PRODUCTION ENGINEERING"
0000-00-00;DIS203;;"Gaurkar Chaitanya Vinod";"Structural analysis and optimization of straight arm of rotational molding machine";;;;;2013;64;"PRODUCTION ENGINEERING"
0000-00-00;DIS204;;"Ghale Anand Sadashiv";"Study of effect of temperature on deep drawing process";;;;;2013;48;"PRODUCTION ENGINEERING"
0000-00-00;DIS205;;"Kedar Raju Ravsaheb";"Development of Software for assembly line balancing problem";;;;;2013;50;"PRODUCTION ENGINEERING"
0000-00-00;DIS206;;"Kshirsagar Rohit Rajkumar";"Analysis and optimization of ash extractor";;;;;2013;66;"PRODUCTION ENGINEERING"
0000-00-00;DIS207;;"Mane Umeshchandra Mohanrao";"Knowledge based engineering (kbe) approachfor automated coupling design and modeling using catia-vba";;;;;2013;74;"PRODUCTION ENGINEERING"
0000-00-00;DIS208;;"Lokhande Arati M";"An investigation into the influence of blankholder force and sheet thickness on springback in u-bending";;;;;2013;40;"PRODUCTION ENGINEERING"
0000-00-00;DIS209;;"Londhe Avani Balasabheb";"Fea and experimental analysis of natural fiber reinforced composite leaf spring";;;;;2013;70;"PRODUCTION ENGINEERING"
0000-00-00;DIS210;;"Lahane Swati Dinkar";"A ce approach: plastic fluid flow analysis for the design of pipe-conector by using moldflow cae";;;;;2013;52;"PRODUCTION ENGINEERING"
0000-00-00;DIS211;;"Nandanwankar Nikhil N";"Validation of teamcenter objects using soa services";;;;;2013;52;"PRODUCTION ENGINEERING"
0000-00-00;DIS212;;"Ganakwar Deepali Garibdas";"Face detection using boosted cascade of simploe features";;;;;2013;50;"ELECTRONIC AND TELECOMMUNICATION"
0000-00-00;DIS213;;"Harale Sumit B";"GPU accelerated room acoustic simulation";;;;;2013;39;"COMPUTER SCIENCE AND ENGINEERING"
0000-00-00;DIS214;;"Mudholkar Mahesh Surykantrao";"A watermarking algorithm by modifying ac coefficies in dct domain";;;;;2013;39;"ELECTRONIC AND TELECOMMUNICATION"
0000-00-00;DIS215;;"Lokhande Anupama Kishanraro";"Fuzzy k-means clustering algorithm for image segmentation";;;;;2013;29;"ELECTRONIC AND TELECOMMUNICATION"
0000-00-00;DIS216;;"Babhalgaonkar Sandhya S";"Dicom reader and dicom based mammographic image analysis";;;;;2011;70;INSTRUMENTATION.
0000-00-00;DIS217;;"Majumder Kakoli";"Some studies on pi/pid controller tuning methods for process control applications";;;;;2014;97;INSTRUMENTATION.
0000-00-00;DIS218;;"Pawar Sushant N";"Some studies on model based controller and real time experimentation in process control applications";;;;;2014;88;INSTRUMENTATION.
0000-00-00;DIS219;;"Choudhary Shikha";"Analysis & classification of ecg waveforms for the detection of cardiac problems";;;;;2014;45;INSTRUMENTATION.
0000-00-00;DIS220;;"Singh Aprajita";"Design of single input fuzzy logic controller for process control applications";;;;;2014;68;INSTRUMENTATION.
0000-00-00;DIS221;;"Nagare Mukund B";"Human face detection and recognition system";;;;;2014;53;INSTRUMENTATION.
0000-00-00;DIS222;;"Nimbolkar Rupesh V";"Investigation of some control of strategies for depth control of underwater vehicle";;;;;2014;51;INSTRUMENTATION.
0000-00-00;DIS223;;"Rakshasmare Raju G";"Some tuning methods of pid controller for different processes";;;;;2014;45;INSTRUMENTATION.
0000-00-00;DIS224;;"Narwade Nitin D";"Two phase flow instabilities and void fraction measurement using capacitance sensor in two phase flow";;;;;2014;36;INSTRUMENTATION.
0000-00-00;DIS225;;"Rajbhoj Pankaj R";"Design topology of low profile transformer for slim adaptor";;;;;2014;60;INSTRUMENTATION.
0000-00-00;DIS226;;"Wale Sachin S";"System identification using wavelet connection coefficients";;;;;2014;92;INSTRUMENTATION.
0000-00-00;DIS227;;"Bhayekar Anupriya Sanjay";"Automation of hydro power plant using centum vp distributed control system";;;;;2014;62;INSTRUMENTATION.
0000-00-00;DIS228;;"Waghmare Rohan Laxman";"Oily vitamin premix handling system automation using distributed control system delta v rm";;;;;2014;106;INSTRUMENTATION.
0000-00-00;DIS229;;"Aundhekar Ashish Satishrao";"Automation of continuous stirred tank reactor using yokogawa dcs";;;;;2014;94;INSTRUMENTATION.
0000-00-00;DIS230;;"Mali Sumit S";"Reconstituted milk handling automation using delta v tm distributed control system";;;;;2014;77;INSTRUMENTATION.
0000-00-00;DIS231;;"Mohite Rameshwar Shivkant";"Segmentation of dvanagari script";;;;;2014;40;"COMPUTER SCIENCE AND ENGINEERING"
0000-00-00;DIS232;;"Halmare Atul Rameshraro";"Challenging issues in overlapped characters recognition";;;;;2014;35;"COMPUTER SCIENCE AND ENGINEERING"
0000-00-00;DIS233;;"Petkar Pooja Prabhakar";"Integrating cryptography and stegnography a reversible data hiding on encrypted image";;;;;2014;36;"COMPUTER SCIENCE AND ENGINEERING"
0000-00-00;DIS234;;"Fajge Akshay Madhukarrao";"Quantum computing and post-quantum hash-based signature";;;;;2014;69;"COMPUTER SCIENCE AND ENGINEERING"
0000-00-00;DIS235;;"Choulwar Chetan V";"Medium access control scalability in ieee 802.11 based wireless mesh networks";;;;;2014;44;"COMPUTER SCIENCE AND ENGINEERING"
0000-00-00;DIS236;;"Barve Priyanka Uttam";"Mhealth - primary health care";;;;;2014;42;"COMPUTER SCIENCE AND ENGINEERING"
0000-00-00;DIS237;;"Shambharkar Rohan Y";"Study of process scheduler and io scheduler in linux";;;;;2014;62;"COMPUTER SCIENCE AND ENGINEERING"
0000-00-00;DIS238;;"Khedkar Shrinivas A";"Analysis of feature selection algorithms for high dimensional data";;;;;2014;50;"COMPUTER SCIENCE AND ENGINEERING"
0000-00-00;DIS239;;"Dongarwar Kishor A";"Simulation and detection of black hole attacks in wireless mobile ad-hoc network";;;;;2014;48;"COMPUTER SCIENCE AND ENGINEERING"
0000-00-00;DIS240;;"Patil Shivanand Bhimrao";"Topological detection of wormhole attach";;;;;2014;53;"COMPUTER SCIENCE AND ENGINEERING"
0000-00-00;DIS241;;"Sawarkar Ankush Dadarao";"Global gap certification services using mkrishi platform";;;;;2014;58;"COMPUTER SCIENCE AND ENGINEERING"
0000-00-00;DIS242;;"Bhosale Amit Sudhakar";"Efficient data collection in wireless sensor network using spatial correlation mechanism";;;;;2014;32;"COMPUTER SCIENCE AND ENGINEERING"
0000-00-00;DIS243;;"Ghodeswar Ekata S";"Minimizing the risk of manet routing attacks";;;;;2014;44;"COMPUTER SCIENCE AND ENGINEERING"
0000-00-00;DIS244;;"Baste Harshad Vasant";"Design development testing & analysis of torque limiter timer belt spindle drive for overload protection";;;;;2014;66;"PRODUCTION ENGINEERING"
0000-00-00;DIS245;;"Dabhade Raviraj Bhimrao";"Finite element analysis of a brake disc";;;;;2014;58;"PRODUCTION ENGINEERING"
0000-00-00;DIS246;;"Dantulwar Nitin Baburao";"Finite element analysis of ball velve assembly for eqrthquakes";;;;;2014;50;"PRODUCTION ENGINEERING"
0000-00-00;DIS247;;"Deogire Paresh Arvind";"Multi-objective optimization of part orientation of build direction in additive manufacturing";;;;;2014;96;"PRODUCTION ENGINEERING"
0000-00-00;DIS248;;"Deore Roshan Gaman";"Formability analysis of magnesium alloy at elevated temperature and dp steel in tube hydroforming process";;;;;2014;50;"PRODUCTION ENGINEERING"
0000-00-00;DIS249;;"Ghante Suraj Rajkumar";"Numerical analysis and simulation of stamping in sheet metal";;;;;2014;54;"PRODUCTION ENGINEERING"
0000-00-00;DIS250;;"Jadhav Sandip Dinkar";"Design and development of dies & punches for components of ssro";;;;;2014;66;"PRODUCTION ENGINEERING"
0000-00-00;DIS251;;"Koshti Varun Jagdish";"Wrap / unwarp curve enhancement";;;;;2014;66;"PRODUCTION ENGINEERING"
0000-00-00;DIS252;;"Kulkarni Pratik Shashikant";"Prediction and validation of interface friction in sheet metal forming using bending under tension test";;;;;2014;72;"PRODUCTION ENGINEERING"
0000-00-00;DIS253;;"Magar Vishal Kalidas";"Mechanical and thermal engineering aspects of an undulator based beamline at indus-2 srs";;;;;2014;66;"PRODUCTION ENGINEERING"
0000-00-00;DIS254;;"Malwad Dnyaneshwar Shivaji";"Experimental investigation of deformation mechanism of single point incremental sheet metal forming process";;;;;2014;62;"PRODUCTION ENGINEERING"
0000-00-00;DIS255;;"Mulay Amrut Shrikant";"Design, development & analysis of compound tool for secondary gasket";;;;;2014;56;"PRODUCTION ENGINEERING"
0000-00-00;DIS256;;"Naphade Jayshri G";"Computer aided analysis and experimental validation to investigate the optimum deformation in laminated compo9site plates";;;;;2014;40;"PRODUCTION ENGINEERING"
0000-00-00;DIS257;;"Nikam Sangram Shatrughna";"Mechanical design and analysis of various components of undulator based beamline front end of indus-2";;;;;2014;90;"PRODUCTION ENGINEERING"
0000-00-00;DIS258;;"Ozarkar Rohan Rajendra";"Development of displacement amplification mechanism using deep x-ray lithography for microactuation";;;;;2014;76;"PRODUCTION ENGINEERING"
0000-00-00;DIS259;;"Patil Paramveer";"Developmenty of feature intersection edges selection intent for nx";;;;;2014;58;"PRODUCTION ENGINEERING"
0000-00-00;DIS260;;"Patil Surendra Chokhobaji";"Analysis of human bones and joints using ansys";;;;;2014;58;"PRODUCTION ENGINEERING"
0000-00-00;DIS261;;"Patthe Ramdas B";"Determination of fracture parameter for a crack in plates under mode - 1 loading using finite element analysis";;;;;2014;64;"PRODUCTION ENGINEERING"
0000-00-00;DIS262;;"Pawar Sagar Vijay";"Thermal and structural analysis of water pump bearing";;;;;2014;48;"PRODUCTION ENGINEERING"
0000-00-00;DIS263;;"Sashare Ganesh Ramkishan";"Parametric optimization of h-11 hot die steel using desirability approach for wedm";;;;;2014;72;"PRODUCTION ENGINEERING"
0000-00-00;DIS264;;"Sathe Ketankumar Jivan";"Stress analysis of cryogenic expansion engine components using finit element method";;;;;2014;54;"PRODUCTION ENGINEERING"
0000-00-00;DIS265;;"Shinde Bhagwan Rajebhau";"Numerical study of fluid structure interaction of silican miro-needle used in drug delivery";;;;;2014;44;"PRODUCTION ENGINEERING"
0000-00-00;DIS266;;"Sonar Harshad Chandrakant";"Design, analysis and testing of scrf cavity tuners";;;;;2014;76;"PRODUCTION ENGINEERING"
0000-00-00;DIS267;;"Shimpi Swapnil Dilip";"Mechanical desing analysis and experimental validation of a prototype dipole magnet for 700 mev booster synchrotron";;;;;2014;76;"PRODUCTION ENGINEERING"
0000-00-00;DIS268;;"Zolekar Vivek Pandharinath";"Design and analysis of bita = 0.9, 650 mhz superconducting rf cavity";;;;;2014;94;"PRODUCTION ENGINEERING"
0000-00-00;DIS269;;"Kapawar Santosh Shrihari";"Monitor and control of electrical panels in industry using arm controller";;;;;2014;60;"ELECTRONIC AND TELECOMMUNICATION"
0000-00-00;DIS270;;"Sondrikar Rajesh Rupesh";"Development of low cost gsm-sma based humidity and templerature remote monitoring and control system for irrigation field";;;;;2014;52;"ELECTRONIC AND TELECOMMUNICATION"
0000-00-00;DIS271;;"Pimple Mandakini H";"Design and implementation of unmanned ground vehicle using gsm network";;;;;2015;53;"Information Technology"
0000-00-00;DIS272;;"Jadhav Abhay Arun";"User authentication by mouse gesture dynamics through ann";;;;;2015;55;"Information Technology"
0000-00-00;DIS273;;"Mahajan Swapnil Bhagwan";"General fuzzy hyperline segment neural network";;;;;2015;76;"Information Technology"
0000-00-00;DIS274;;"Wankhade Anup Wasudeorao";"Voronoi based techniques for coverage improvement and boundary effect in wireless sensor network";;;;;2015;274;"Information Technology"
0000-00-00;DIS275;;"Mandalkar Aniket B";"Unsupervised outlier detection method based on fuzzy min max clustering neural network & scheme of majority voting";;;;;2015;70;"Information Technology"
0000-00-00;DIS276;;"Kamble Sapna B";"Optical charactor recognition for handwritte devenagari script";;;;;2015;85;"Information Technology"
0000-00-00;DIS277;;"Rokade Snehal Diwakar";"Number plate recognition system for indian cars";;;;;2015;48;"Information Technology"
0000-00-00;DIS278;;"Pal Ashish";"Designing of fractional order controller for integer and fractional order systems";;;;;2015;60;INSTRUMENTATION.
0000-00-00;DIS279;;"Maurya Avinish Kumar";"Study and development of different fractional order controller for non interger order plants";;;;;2015;72;INSTRUMENTATION.
0000-00-00;DIS280;;"Shende Sachin S";"Control of autonomous underwater vehicles";;;;;2015;62;INSTRUMENTATION.
0000-00-00;DIS281;;"Neve Sunny Anil";"Lower order harmonic reduction in eleven level inverter with buck topology";;;;;2015;66;INSTRUMENTATION.
0000-00-00;DIS282;;"Lolure Amol";"Emg signal feature extraction based on wavelet transform and its classification";;;;;2015;49;INSTRUMENTATION.
0000-00-00;DIS283;;"Mistrary Pradip V";"Arm7based vehicle tracking system using global position system and global system for mobile communication";;;;;2015;63;INSTRUMENTATION.
0000-00-00;DIS284;;"Gondhalekar Nachiket M";"Development of robust low cost iris recognition system using raspberry - pi";;;;;2015;51;INSTRUMENTATION.
0000-00-00;DIS285;;"Yennam Angad Kumar A";"Development of kinematic measurement system with kniect sensor";;;;;2015;53;INSTRUMENTATION.
0000-00-00;DIS286;;"Walke Shita Arun";"Feature extraction for the discrimination of cough sounds and analysis of disorder in respiratory system";;;;;2015;82;INSTRUMENTATION.
0000-00-00;DIS287;;"Vangal Gayatri";"Design strategies of pid controller for process control application";;;;;2015;54;INSTRUMENTATION.
0000-00-00;DIS288;;"Lende Rahul B";"Design of intelligent controller for motion control of autonomous underwater vehicle";;;;;2015;75;INSTRUMENTATION.
0000-00-00;DIS289;;"Giri Shripad S";"Automation of the multi process system using yokogawa dcs centum vp";;;;;2015;101;INSTRUMENTATION.
0000-00-00;DIS290;;"Somvanshi Supriya A";"Management of hvac system in residential building using bacnet protocol";;;;;2015;44;INSTRUMENTATION.
0000-00-00;DIS291;;"Gattuwar Narendra Damanna";"Plc based grape drying system";;;;;2015;57;INSTRUMENTATION.
0000-00-00;DIS292;;"Rai Deepa S";"Leakage reduction in water distribution network using helium mass spectrometer";;;;;2015;55;"CIVIL AND WATER MANAGEMENT"
0000-00-00;DIS293;;"Undegaonkar Namita U";"Computation of storm water by using epa swmm 5";;;;;2015;73;"CIVIL AND WATER MANAGEMENT"
0000-00-00;DIS294;;"Gongale Akshaykumar";"Determination of quality of water bodies in nanded district";;;;;2015;118;"CIVIL AND WATER MANAGEMENT"
0000-00-00;DIS295;;"Dhule Nitin R";"Study of coefficient of discharge and pressure over the ogee-spillway using cfd";;;;;2015;40;"CIVIL AND WATER MANAGEMENT"
0000-00-00;DIS296;;"Borate Prashant G";"Development of erosion hotspots for kaas plateau (esz) of western ghat, maharashtra using rusle and arc gis";;;;;2015;52;"CIVIL AND WATER MANAGEMENT"
0000-00-00;DIS297;;"Lohar Sham Shivaji";"Delineating groundwater potential zones of ghanewadi reservoir by using rs & gis, jalna, maharashtra";;;;;2015;54;"CIVIL AND WATER MANAGEMENT"
0000-00-00;DIS298;;"Deshmukh Snehal R";"Assessment of surface water quality and gis based evaluation of water quality index of godavari river basin under nanded district";;;;;2015;94;"CIVIL AND WATER MANAGEMENT"
0000-00-00;DIS299;;"Kharode Shantanu B";"Simulation of scour around bridge pier";;;;;2015;74;"CIVIL AND WATER MANAGEMENT"
0000-00-00;DIS300;;"Waghmare Appasaheb B";"Wastewater treatment and management using root zone technology";;;;;2015;72;"CIVIL AND WATER MANAGEMENT"
0000-00-00;DIS301;;"Garsole Priyanka A";"Application of ann & svr techniques for streamflow forecasting";;;;;2015;58;"CIVIL AND WATER MANAGEMENT"
0000-00-00;DIS302;;"Dhole Anurag A";"Reduction of fluoride concentration from groundwater of nanded district";;;;;2015;58;"CIVIL AND WATER MANAGEMENT"
0000-00-00;DIS303;;"Bhore Sagar M";"Water resource analysis and potential evaluation of western maharashtra";;;;;2015;110;"CIVIL AND WATER MANAGEMENT"
0000-00-00;DIS304;;"Desai Ranjit J";"Analysis of flow over labyrinth side weir";;;;;2015;58;"CIVIL AND WATER MANAGEMENT"
0000-00-00;DIS305;;"Gayakwad Shital Manikrao";"Study of methodology for frequency tuning and assessment of tuning range using water cooling circuit for operational duty factro up to 10% for 325 mhz rfq structure";;;;;2014;88;"PRODUCTION ENGINEERING"
0000-00-00;DIS306;;"Walke Raosaheb Rajaram";"Numerical simulation of fatigue behaviour in functionally graded materials and their experiment validation";;;;;2014;79;"PRODUCTION ENGINEERING"
0000-00-00;DIS307;;"Kale Vinod Anna";"Vibration scrup reducion by six sigma mathodology using design of experiment (Doe)";;;;;2014;100;"PRODUCTION ENGINEERING"
0000-00-00;DIS308;;"Fatnaik Prathamesh Pradip";"Investigation of erosion of electrical contacts in acring phenomena of switching devices with mathematical model and valibation with experiment test";;;;;2014;62;"PRODUCTION ENGINEERING"
0000-00-00;DIS309;;"Ankit Kumar";"Prediction of fatigue life of welded joint";;;;;2014;47;"PRODUCTION ENGINEERING"
0000-00-00;DIS310;;"Eklahare Abhijit Satish";"Part module enhancement to support inter-module reference pattern";;;;;2014;51;"PRODUCTION ENGINEERING"
0000-00-00;DIS311;;"Shinde Atul Ashok";"Desi;gn of heat exchanger for helium purifier";;;;;2014;54;"PRODUCTION ENGINEERING"
0000-00-00;DIS312;;"Pathan Ajamkhan Imamkhan";"Dynamic analysis of optical amplifier used in high energy high powe laser";;;;;2014;74;"PRODUCTION ENGINEERING"
0000-00-00;DIS313;;"Patil Ganesh";"Development of actuation system for automated manual transmission (amt)";;;;;2014;64;"PRODUCTION ENGINEERING"
0000-00-00;DIS314;;"Lahane Anand Milind";"Shape control of a cantilever beam using piezo-actuator";;;;;2014;70;"PRODUCTION ENGINEERING"
0000-00-00;DIS315;;"Magre Manisha Trimbakrao";"Experimental study on parameters affecting efficiency of solar photo voltaic panel";;;;;2014;44;"PRODUCTION ENGINEERING"
0000-00-00;DIS316;;"Birajdar Raghvendra Shamrao";"Helium purifier component desing and piping layout";;;;;2014;64;"PRODUCTION ENGINEERING"
0000-00-00;DIS317;;"Bahadure Shilpa Nashiket";"Multi objective parametric optimzation of cnc turning by using taguchi""s design of experiment";;;;;2014;78;"PRODUCTION ENGINEERING"
0000-00-00;DIS318;;"Thorat Ravindra Bhimrao";"Application development using solid works for generating product quality report";;;;;2014;201415;"PRODUCTION ENGINEERING"
0000-00-00;DIS319;;"Veerbhakta Chetan Mahendra";"Three dimensional photo elestic and finite element analysis of bending stress at tooth root of worm wheel of winch machine gearbox";;;;;2014;60;"PRODUCTION ENGINEERING"
0000-00-00;DIS320;;"Punewale Amitpal Singh";"Analysis & optimization of torsional vibrations in a four-stroke single cylinder";;;;;2014;46;"PRODUCTION ENGINEERING"
0000-00-00;DIS321;;"Brahmagiiri Amey Shrikant";"Simulation and desing of press die for 3 wheeler chassis main member";;;;;2014;42;"PRODUCTION ENGINEERING"
0000-00-00;DIS322;;"Bhadke Snehal Babasaheb";"Formulation of standard desing procedures for disel engine components and their integration with ptc software suite";;;;;2014;164;Physics
0000-00-00;DIS323;;"Bhiogade Amar Haribhau";"Design of cavity suppoet system of two cavity cryomodule for 650 mhz scrf cavities";;;;;2014;66;"PRODUCTION ENGINEERING"
0000-00-00;DIS324;;"Munge Ganesh Keshavrao";"Analysis of cutter life and wear mechanisms in milling of inconel 718";;;;;2014;72;"PRODUCTION ENGINEERING"
0000-00-00;DIS325;;"Bhosale Umeshchandr K";"Sedimentation study for part of mutha river using hec-ras";;;;;2016;54;"Civil Engineering"
0000-00-00;DIS326;;"Shete Yuvraj Dhananjay";"Floodplain mapping using hec-ras along the krishna river , india";;;;;2016;55;"Civil Engineering"
0000-00-00;DIS327;;"Patil Bhagyashri Dinkar";"Modification in jal yukta shivar program: a case study of village pedgaon";;;;;2016;46;"Civil Engineering"
0000-00-00;DIS328;;"Mande Nandkishor Vitthal";"Analysis of river network model using modsim- a case study of pravara river, india";;;;;2016;45;"Civil Engineering"
0000-00-00;DIS329;;"Kode Amol M";"Analysis of side sluice in trapezoidal channel";;;;;2016;45;"Civil Engineering"
0000-00-00;DIS330;;"Muley Pratik Dilip";"Practical approach to watershed management";;;;;2016;70;"Civil Engineering"
0000-00-00;DIS331;;"Bhosikar Laxmikant Manikrao";"Numerical analysis of flow through sharp-crested side sluice gate in rectangular channel";;;;;2016;46;"Civil Engineering"
0000-00-00;DIS332;;"Harbhare Atish Dattatraya";"Assessment of drinking water crisis in rural maharashtra: a case study in pedgaon";;;;;2016;68;"Civil Engineering"
0000-00-00;DIS333;;"Deshmukh Bhakti B";"Annual runoff estimation for godavari river basin using statistical approach";;;;;2016;109;"Civil Engineering"
0000-00-00;DIS334;;"Deshmukh Poonam P";"Analysis of hydraulic transient in closed conduit system";;;;;2016;61;"Civil Engineering"
0000-00-00;DIS335;;"Bamalwa Pratik Premkumar";"Effects of filter media in wastewater treatment using constructed wetlands";;;;;2016;77;"Civil Engineering"
0000-00-00;DIS336;;"Yennawar Rushikesh R";"Water distribution network design using water gems: a case study";;;;;2016;70;"Civil Engineering"
0000-00-00;DIS337;;"Boargaonkar radhika P";"Dewats-(decentralized wastewater treatment system) sustainable treatment & wastewater management";;;;;2016;81;"Civil Engineering"
0000-00-00;DIS338;;"Deshmukh Nikhil S";"Hydrological modeling of a watershed for estimation of runoff using swat model";;;;;2016;67;"Civil Engineering"
0000-00-00;DIS339;;"Pachbhai Ganesh Kakasaheb";"Implementation of desing (dml) release process using teamcenter unified in tml";;;;;2016;70;"Mechanical Engineering"
0000-00-00;DIS340;;"Bharose Satish Bhagwanrao";"Product structure management and data migration of product data from cad to plm systems/software";;;;;2016;54;"Mechanical Engineering"
0000-00-00;DIS341;;"Rahatikar Kanad Aandidas";"Development of workflow handlers for removal of multi-plat dependency using teamcenter unified d 8";;;;;2016;50;"Mechanical Engineering"
0000-00-00;DIS342;;"Shinde Nilesh Sopan";"Implementation of engineering change management in tml through epa release process";;;;;2016;70;"Mechanical Engineering"
0000-00-00;DIS343;;"Vaidya Saurabh Ganesh";"To implement engineering change management in a home appliance industry";;;;;2016;76;"Mechanical Engineering"
0000-00-00;DIS344;;"Thakare Nitesh Yashwant";"Supplier integartion across product lifecycle by expanding the role of plm in e-scm";;;;;2016;67;"Mechanical Engineering"
0000-00-00;DIS345;;"Dase Sneha Somnath";"User interface development and report modelling for value engineering change proposal in automobile industry using cordys 4.3 platform";;;;;2016;115;"Mechanical Engineering"
0000-00-00;DIS346;;"Shaikh Zaeem Anjum";"Item data import utility in teamcenter by using service oriented architecutre";;;;;2016;67;"Mechanical Engineering"
0000-00-00;DIS347;;"Sonawane Dinesh Suresh";"Workflow implementation for try-out process and break point determination process using teamcenter unified";;;;;2016;70;"Mechanical Engineering"
0000-00-00;DIS348;;"Khedkar Shrikant Dilip";"Multi plant implementation of change management with custom workflow using teamcenter unified";;;;;;67;"Mechanical Engineering"
0000-00-00;DIS349;;"Jambhulkar Priyanka Ashok";"Database modeling and user interface development for value engineering change proposal";;;;;2016;67;"Mechanical Engineering"
0000-00-00;DIS350;;"Tatipamde Vijay Bhagwanrao";"Implementation of change management for vehicle design release process in teamcenter unified in tml";;;;;2016;65;"Mechanical Engineering"
0000-00-00;DIS351;;"Patil Mahendra Charandas";"Creation of multiple workspace objects using soa in plm system (teamcenter)";;;;;2016;81;"Mechanical Engineering"
0000-00-00;DIS352;;"Karnewar Vikram Ram";"Implementation of plm in pharmaceutical machine manufacturing firm";;;;;2016;92;"Mechanical Engineering"
0000-00-00;DIS353;;"Gaccje Anil Nagorao";"Design and development of cad data management process in product lifecycle management system";;;;;2016;58;"Mechanical Engineering"
0000-00-00;DIS354;;"Ade Santosh Laxmanrao";"To develop a utility to find multiple items using soa approach";;;;;2016;87;"Mechanical Engineering"
0000-00-00;DIS355;;"Gadpalliwar Piyush Diliprao";"Teamcenter customizartion to export bulk cad data of released item based on soa approach";;;;;2016;64;"Mechanical Engineering"
0000-00-00;DIS356;;"Dukare Sagar Balwantrao";"Creating assembly differentiator utility by using soa customization";;;;;2016;68;"Mechanical Engineering"
0000-00-00;DIS357;;"Anande Satish Tryambakrao";"Cylinder head gasket thickness estimation in diesel engine through nonlinear thermo-mechanical fea";;;;;2016;72;"PRODUCTION ENGINEERING"
0000-00-00;DIS358;;"Nalawade Amitkumar rajiv";"Productivity improvement by implementing learn manufacturing tools and techniques";;;;;2016;53;"PRODUCTION ENGINEERING"
0000-00-00;DIS359;;"Kothawale Ajinkya Prataprao";"Planning and implementation of relocation of product: a case study for second generation common rail injector relocation from rbtr to nap";;;;;;59;"PRODUCTION ENGINEERING"
0000-00-00;DIS360;;"Pansare Sheetal Rajendra";"Weight reduction of injection molded plastic pallet";;;;;2016;84;"PRODUCTION ENGINEERING"
0000-00-00;DIS361;;"Shendkar Rutuja Ravindrakumar";"Correlation of frequency response function testing and simulation results of a vertical axis washer by damping estimation";;;;;2016;54;"PRODUCTION ENGINEERING"
0000-00-00;DIS362;;"Birari Prasad Manoj";"Quality and performance improvement of selection intent module in nx";;;;;2016;73;"PRODUCTION ENGINEERING"
0000-00-00;DIS363;;"Lokhande Pradip Babasaheb";"Custom tool development for knowledge based desing of vertical turbine pump house layout using autocad vba";;;;;2016;43;"PRODUCTION ENGINEERING"
0000-00-00;DIS364;;"Pawar Pavan Raju";"Simulation of an arc erosion of electrical contact in lv switching device and to study effect of various parameters on it";;;;;2016;68;"PRODUCTION ENGINEERING"
0000-00-00;DIS365;;"Phatangare Mangesh Arjun";"Custom tool development on drafting process of chain drive components using autocad vba";;;;;2016;66;"PRODUCTION ENGINEERING"
0000-00-00;DIS366;;"Tale Sagar Nagnath";"Design, numerical simulation and analysis of brake drum";;;;;2016;52;"PRODUCTION ENGINEERING"
0000-00-00;DIS367;;"Patil Swapnil Ganpati";"Design and analysis of helper spring bracket of rear suspension";;;;;2016;71;"PRODUCTION ENGINEERING"
0000-00-00;DIS368;;"Patil Abhijit Gurudatta";"Development of single cylinder diesel engine with mechanical fie system for achieving bs-iv emission norms";;;;;2016;80;"PRODUCTION ENGINEERING"
0000-00-00;DIS369;;"More Vijaykumar Madhavrao";"Cfd analysis of shell and tube heat exchanger using nanofluids at different volume fractions";;;;;2016;57;"PRODUCTION ENGINEERING"
0000-00-00;DIS370;;"Sadhu Aniruddha Narayanrao";"Business process modelling of engineerig change proposal for an automotive oem using cordys bop";;;;;2016;69;"PRODUCTION ENGINEERING"
0000-00-00;DIS371;;"Bhosale Sachin V";"Configuration of cnc machine (5 axis) by suitable cam software (siemens nx cam) at ksb pumps ltd (ppd)";;;;;2016;83;"PRODUCTION ENGINEERING"
0000-00-00;DIS372;;"Rajewar Aniket Devidas";"Cfd analysis of flow pattern in electrochemical machining to reduce passivation problem";;;;;2016;46;"PRODUCTION ENGINEERING"
0000-00-00;DIS373;;"Kolhe Suraj Kishorao";"High cycle fatigue life estimation of a diesel engine crankshaft and connecting rod through fea and validation with experimental results";;;;;2016;74;"PRODUCTION ENGINEERING"
0000-00-00;DIS374;;"Chorge Amit Sunil";"Optimization of electric water heater thickness by using ansys software and experimentation";;;;;2016;60;"PRODUCTION ENGINEERING"
0000-00-00;DIS375;;"Dhumal Dhaneshwari Anil";"Study of material and geometric parameters on strain non-uniformity index (sni) for sheet metal components";;;;;2016;106;"PRODUCTION ENGINEERING"
0000-00-00;DIS376;;"Nikale Nilam Vishnu";"Design and analysis of setup to detect the presence of filter pin inside the nozzle holder assembly";;;;;2016;42;"PRODUCTION ENGINEERING"
0000-00-00;DIS377;;"Samleti Mukesh Laxminarayan";"Deep drawing of cylindrical contrainer using different die geometries";;;;;2016;72;"PRODUCTION ENGINEERING"
0000-00-00;DIS378;;"Naik Abhijeet Udgavrao";"Study and investigation of issues related to simulation of electron beam welding for optimization of weld parameters";;;;;2016;70;"PRODUCTION ENGINEERING"
0000-00-00;DIS379;;"Buktare Vishal B";"Effect of material properties and geometries on strain non-uniformity index (sni) and constraint factor (cf) of deep drawn sheet metal components";;;;;2016;72;"PRODUCTION ENGINEERING"
0000-00-00;DIS380;;"Kolhe Pankaj P";"Design, analysis and control of automatic cage welding machine";;;;;2016;63;INSTRUMENTATION.
0000-00-00;DIS381;;"Chavan Siddheshwar S";"Wavelet desing techniques to match the signal shape";;;;;2016;44;INSTRUMENTATION.
0000-00-00;DIS382;;"Kadate Amruta D";"Magnetic resonance image reconstruction based on compressed sensing";;;;;2016;60;INSTRUMENTATION.
0000-00-00;DIS383;;"Pachapande Nilesh S";"Design and development of robotic welding cell";;;;;2016;42;INSTRUMENTATION.
0000-00-00;DIS384;;"Potbhare Mangesh B";"Design of sliding mode controller for systems with mismatched uncertatinties";;;;;2016;78;INSTRUMENTATION.
0000-00-00;DIS385;;"Sambre Suyash Vishwas";"Analysis of an x-ray image using digital image processing and mra bi-orthogonal wavelet transform for bone fracture detection";;;;;2016;46;INSTRUMENTATION.
0000-00-00;DIS386;;"Ambhore Hrishikesh S";"Design and development of dual wavelength based chlorophyll measurement system";;;;;2016;68;INSTRUMENTATION.
0000-00-00;DIS387;;"Ghule Pratapsinh Bharat";"Automatic wheelchair control using speech recognition";;;;;2016;48;INSTRUMENTATION.
0000-00-00;DIS388;;"Dabhade Nikhil K";"Development of iris recognition system using embedded kit raspberry - pi";;;;;2016;54;INSTRUMENTATION.
0000-00-00;DIS389;;"Dhotre Shital Naganath";"Effect of uv radiation & thickness on gas sensor";;;;;2016;56;INSTRUMENTATION.
0000-00-00;DIS390;;"Bhalerao Manoj G";"Study and implementatiion of feature extraction techniques for speech recognition";;;;;2016;42;INSTRUMENTATION.
0000-00-00;DIS391;;"Yedke Rai T";"Classification of brain tumor using support vector machine";;;;;2016;46;INSTRUMENTATION.
0000-00-00;DIS392;;"Ingle Neha I";"Ecg feature extraction and its interperetation";;;;;2016;46;INSTRUMENTATION.
0000-00-00;DIS393;;"Dighore Vishakha Diwakar";"Detection of asthma by using non invasive method";;;;;2016;48;INSTRUMENTATION.
0000-00-00;DIS394;;"Tidke Mahesh N";"Finger print image enhancement and recognitiion using wavelet transform";;;;;2016;48;INSTRUMENTATION.
0000-00-00;DIS395;;"Rachapwar Shivraj S";"Low-power high-speed sybrid 1 -bit full adder circuit on 45-nm technology";;;;;2016;48;"ELECTRONIC AND TELECOMMUNICATION"
0000-00-00;DIS396;;"Shaha Pratik S";"Monocular Camera calibration and depth estimation for intelligent transportation";;;;;2016;52;"ELECTRONIC AND TELECOMMUNICATION"
0000-00-00;DIS397;;"Tatkar Nikhil A";"Design and analysis of block of ssd controller";;;;;2016;58;"ELECTRONIC AND TELECOMMUNICATION"
0000-00-00;DIS398;;"Ojha Veena";"Asic clock tree conversiion for fpga based prototyping";;;;;2016;50;"ELECTRONIC AND TELECOMMUNICATION"
0000-00-00;DIS399;;"Agrawal Milind G";"Area efficient precise clock generation for usb 2. 0";;;;;2016;54;"ELECTRONIC AND TELECOMMUNICATION"
0000-00-00;DIS400;;"Attharkar Nikheel V";"Low power low voltage 10 bit sar adc for industrial application";;;;;2016;66;"ELECTRONIC AND TELECOMMUNICATION"
0000-00-00;DIS401;;"Darve Ratnamala Devidas";"Design of low cost harmonic analyzer using tms320c6713 dsk";;;;;2016;38;"ELECTRONIC AND TELECOMMUNICATION"
0000-00-00;DIS402;;"Potdar Abhijit S";"Design and layout of bidirectional gpio for multiple loads";;;;;2016;52;"ELECTRONIC AND TELECOMMUNICATION"
0000-00-00;DIS403;;"Jadhav Gaurav";"Production quality etm model generation delivering fast turnaround while lowering the cost of desing and licenses";;;;;2016;42;"ELECTRONIC AND TELECOMMUNICATION"
0000-00-00;DIS404;;"Patil Diksha N";"Development of video processing board using fpga for higher format thermal imager";;;;;2016;52;"ELECTRONIC AND TELECOMMUNICATION"
0000-00-00;DIS405;;"Kakde Dnyaneshwar B";"Power optimization in 8t sram cell";;;;;2016;44;"ELECTRONIC AND TELECOMMUNICATION"
0000-00-00;DIS406;;"Mallabakar Qtique M";"Ecg processing for predicting ventricular arrhythmia";;;;;2016;40;"ELECTRONIC AND TELECOMMUNICATION"
0000-00-00;DIS407;;"Deshmukh Ahananjay A";"Design of successive approxmation adc";;;;;2016;42;"ELECTRONIC AND TELECOMMUNICATION"
0000-00-00;DIS408;;"Ankushe Supriya Sureshrao";"New approach of comparision for fast ica non-gaussianity methods";;;;;2016;38;"ELECTRONIC AND TELECOMMUNICATION"
0000-00-00;DIS409;;"Sonawale Pankaj Chandrakant";"Design and simulation of reflectarray antenna for highly directive beam";;;;;2016;34;"ELECTRONIC AND TELECOMMUNICATION"
0000-00-00;DIS410;;"Parekar Janabai Sitaram";"Automatic retinal image bolld vessel segmentation and registration using retinal fundus images";;;;;2016;44;"ELECTRONIC AND TELECOMMUNICATION"
0000-00-00;DIS411;;"Rathod Sandhya S";"Design of low power high speed viterbi decoder";;;;;2016;46;"ELECTRONIC AND TELECOMMUNICATION"
2018-09-12;DIS412;621.395;"Umbarkar, Satish Sampat";"High speed navigation system prototype board using virtex";;;;;2018;47;"Electronics &amp; Telecommunication Engineering"
2018-09-12;DIS413;621.395;"Thorat, Archana Prakash";"Current mode preamplifier with feedback loop";;;;;2018;34;"Electronics &amp; Telecommunication Engineering "
2018-09-12;DIS414;621.395;"Mhaske Bhushan Sunil";"H/ws/w verification of low power and high performance memory interfaces";;;;;2018;45;"Electronics &amp; Telecommunication Engineering"
2018-09-12;DIS415;621.395;"Tidke, Rinku Ramesh";"Self controlled high performance precharge free content addressable memory";;;;;2018;33;"Electronics &amp; Telecommunication Engineering "
2018-09-12;DIS416;621.395;"Pandit, Amar A ";"Verification of amba ahb protocol";;;;;2018;28;"Electronics &amp; Telecommunication Engineering "
2018-09-12;DIS417;621.395;"Pimple, Ashwini Arun";"Dsp library for mpc864d";;;;;2018;39;"Electronics &amp; Telecommunication Engineering"
2018-09-12;DIS418;621.395;"Pokarne, Somesh Rajeshwar";"Scan insertion and atpg for digital circuits";;;;;2018;49;"Electronics &amp; Telecommunication Engineering"
2018-09-12;DIS419;621.395;"Deshmukh, Shivanand";"Implementation of prevention method for ransomware impacts on home automation";;;;;2018;62;"Electronics &amp; Telecommunication Engineering"
2018-09-12;DIS420;621.395;"Mohammad, Aquib Jamal";"An 80-mv to 1.8-v conversion range low energy level-shifter for extremely low voltage vlsis";;;;;2018;39;"Electronics &amp; Telecommunication Engineering"
2018-09-12;DIS421;621.395;"Satanure, Chetana Rajling";"Design and verification of vga ( video graphic array) controller";;;;;2018;44;"Electronics &amp; Telecommunication Engineering"
2018-09-12;DIS422;621.395;"Sonsale, Praneeta Ratnakar";"Fpga mapping of pipeline sdf fft cores";;;;;2018;40;"Electronics &amp; Telecommunication Engineering"
2018-09-18;DIS423;621.395;"Rathi, Rucha Gopal";"Bring up of memory subsystems";;;;;2018;45;"Electronics &amp; Telecommunication Engineering"
2018-09-18;DIS424;621.395;"Pandey, Rohit R";"Design and verification of uart protocol using system verilog and uvm methodology";;;;;2018;42;"Electronics &amp; Telecommunication Engineering"
2018-09-18;DIS425;621.395;"Borolkar, Parmeshwar Kamalakar";"Intrusion detection system using machine learning models";;;;;2018;38;"Electronics &amp; Telecommunication Engineering "
2018-09-18;DIS426;621.395;"Ahire, Hemant Dilip";"Evaluation of high speed continuous time linear equalizer";;;;;2018;48;"Electronics &amp; Telecommunication Engineering"
2018-09-18;DIS427;621.395;"Sonavane, Anuja Atul";"Board devices and I/O test automation for mentor embedded linux";;;;;2018;64;"Electronics &amp; Telecommunication Engineering"
2018-09-18;DIS428;621.395;"Sable, Ajay jawaharsing";"Contactless palm vein recognition using bimodal techniques";;;;;2018;57;"Electronics &amp; Telecommunication Engineering"
2018-09-18;DIS429;621.395;"More, Aaditi Bandupant";"Human activity recogination";;;;;2018;59;"Electronics &amp; Telecommunication Engineering"
2018-09-18;DIS430;621.395;"Nagargoje, Supriya Shivajirao";"Content based image retrieval by using local tetra patterns";;;;;2018;44;"Electronics &amp; Telecommunication Engineering"
2018-09-18;DIS431;621.395;"Aderao, Shivani M";"Design of instrumentation amplifier in cadence using 180nm technology";;;;;2018;59;"Electronics &amp; Telecommunication Engineering "
2018-09-18;DIS432;621.395;"Sakhare, Jalbaji";"A face recognition approach based on local binary pattern and local derivative pattern";;;;;2018;42;"Electronics &amp; Telecommunication Engineering "
2018-09-21;DIS433;621.395;"Somkuwar, Vicky Haridas";"Subchondral bone segmentation using active contours for osteoarthritis analysis";;;;;2018;58;" Electronics &amp; Telecommunication Engineering"
2018-09-21;DIS434;621.395;"Hambarde, Praful T";"Prostate lesion segmentation in mr images using machine learning and deep learningtechniques";;;;;;81;" Electronics &amp; Telecommunication Engineering"
2018-09-21;DIS435;621.395;"Gaikwad, MANASI Chandrabhan";"Local gaussian distribution fitting energy algroihm for subchondral bone segmentation from knee mr images";;;;;2018;48;" Electronics &amp; Telecommunication Engineering"
2018-09-21;DIS436;621.395;"Borole, Ketaki Tulsidas | Talbar, S N";"Home automation gateway to study different wireless protocols";;;;;2018;58;
2018-09-21;DIS437;621.395;"Borkar, Vinod Vitthalrao | Joshi, Y V | Manthalkar, R R";"Design of electro-tactile stimulation array for brainport vision device";;;;;2018;40;
2018-09-21;DIS438;621.395;"Biradar, Kuldeep Marotirao";"Face and facial expression recognition";;;;;2018;56;
2018-09-21;DIS439;621.395;"Patekar, Rahul Gunaji";"Rgb-d object recognition using deep learning technique";;;;;2018;57;" Electronics &amp; Telecommunication Engineering"
2018-09-21;DIS440;621.395;"Kulkarni,  Sushma Sudhakarrao | Kokare, M B";"Automatic grading of diabetic retinopathy using advanced machine learning techniques";;;;;2018;60;" Electronics &amp; Telecommunication Engineering"
2018-09-21;DIS441;621.395;"Kulkarni, Shraddha Dattatray";"S-function automation tool";;;;;2018;44;" Electronics &amp; Telecommunication Engineering"
2018-09-21;DIS442;621.395;"Sharma, Rashmi Kantilal | KEJGIR, S G";"Underwater sediment classification using side-scan sonar and sub-bottom profiler system";;;;;2018;48;" Electronics &amp; Telecommunication Engineering"
2018-09-21;DIS443;621.395;"Sontakke, Pundlik Nagorao  | Joshi, Y V";"Design of camera interfacing module for brain port vision device";;;;;2018;44;" Electronics &amp; Telecommunication Engineering"
2018-09-21;DIS444;621.395;"Meshram, Hemant Premdas";"Lithium-lon battery control system for electric and hybrid vehicle";;;;;2018;42;" Electronics &amp; Telecommunication Engineering"
2018-09-21;DIS445;621.395;"Khedkar, Pranao B";"Electric vehicles battery simulator";;;;;2018;55;" Electronics &amp; Telecommunication Engineering"
2018-09-21;DIS446;621.395;"Farha Nausheen Alhaj Mohammed Basheer Ahmed khan ";"Content based image retrieval";;;;;2018;42;"Electronics &amp; Telecommunication Engineering"
2018-09-21;DIS447;621.395;"Jadhav, Varsha Sheshnarayan";"Adas: object detection & tracking";;;;;2018;53;"Electronics &amp; Telecommunication Engineering"
2018-09-21;DIS448;621.395;"Bhagat, Sandesh Pralhad";"Regenerative braking in hybrid electric vehicle compliance with iso26262";;;;;2018;47;" Electronics &amp; Telecommunication Engineering"
2018-09-21;DIS449;621.395;"Kharat, Pravin Ramrao";"An adaptive learning approach for 3-d surface reconstruction from point clouds & stereo images";;;;;2018;;" Electronics &amp; Telecommunication Engineering"
2018-09-21;DIS450;621.395;"Kauser, Almas Abdul Qayyum";"Sketch generation by fully convolution representation learning";;;;;2018;46;" Electronics &amp; Telecommunication Engineering"
2018-09-22;DIS451;004;"Hanwate, Avinash Maloji";"Diagnose schizo phrenia using multimodal features from miri scans";;;;;2018;31;
2018-09-22;DIS452;004;"Gaikwad, Milind B";"Controversial news and event detection and ranking using sentiment analysis";;;;;2018;55;"Computer science &amp; engineering"
2018-09-22;DIS453;004;"Karwande, Akash Namdev";"Extractive based text summarization using naive bayes algorithm";;;;;2018;36;"Computer science &amp; engineering"
2018-09-22;DIS454;004;"Malode, Anirudh Namdevrao";"Text prediction based on recurrent neural network language models";;;;;2018;36;"Computer science &amp; engineering"
2018-09-22;DIS455;004;"Ghumbre Prakash Dnyanoba ";"Performance evaluation of fuzzy min-max neural networks";;;;;2018;40;"Computer science &amp; engineering"
2018-09-22;DIS456;004;"Suryawanshi, Aditya Shivajirao";"Classifying handwritten digits using deep convolutional network.";;;;;2018;44;"Computer science &amp; engineering"
2018-09-22;DIS457;004;"Velhal, Shivali S";"Modified fuzzy min-max neural network";;;;;2018;46;"Computer science &amp; engineering"
2018-09-22;DIS458;004;"Gurav, Rushali Rajendra";"Pattern classification by using multi-level fuzzy min max neural network";;;;;2018;55;"Computer science &amp; engineering"
2018-09-22;DIS459;004;"Tirke, Shubhangi Narayan";"Domain sensitive recommendation with user-item subgroup analysis";;;;;2018;36;"Computer science &amp; engineering"
2018-09-22;DIS460;004;"Patil,  Shubhangi Shankarrao";"Connecting social media to e-commerce cold-start product recommendation using microblogging information";;;;;2018;30;"Computer science &amp; engineering"
2018-09-22;DIS461;004;"Pathak, Manjiri Kishor";"Rating prediction by combining users interest and friendly relationship";;;;;2018;34;"Computer science &amp; engineering"
2018-09-22;DIS462;004;"Gond, Monika Ganeshrao";"Social sentiment based rating prediction using textual reviews";;;;;2018;31;"Computer science &amp; engineering"
2018-09-22;DIS463;004;"Agale, Malhar Ulhas";"A country-level location classification system for worldwide tweets.";;;;;2018;50;"Computer science &amp; engineering"
2018-09-22;DIS464;004;"Deshmukh Saniya Ashokrao";"Raspberry pi based interactive home automation gadget through the net of factors";;;;;2018;45;"Computer science &amp; engineering"
2018-09-26;DIS465;621.395;"Jondhale, Mantu Hari";"Fpga implementation of sampling rate convertor";;;;;2018;29;"Electronics &amp; Telecommunication Engineering "
2018-09-26;DIS466;004;"Mandade, Priyanka Shivaji";"Progressive visual cryptography with unexpanded shares";;;;;2018;38;"Computer Science &amp; Engineering"
2018-09-26;DIS467;624;"Tamboli, Amin Vajir";"Analytical investigation on design strength of single angle sections in tension for welded connection";;;;;2018;52;"Civil Engineering"
2018-09-26;DIS468;624;"Mahajan, Akash V";"Passive vibration control of framed structures by base isolation method using lead rubber bearing";;;;;2018;55;"Civil Engineering"
2018-09-26;DIS469;624;"Karad, Snehal Manohar";"Seismic performance of diagrid structures in comparison with conventional structures";;;;;2018;43;"Civil Engineering"
2018-09-26;DIS470;624;"Raut, Pawan Suresh";"A study on performance of conventional steel structures and pre-engineering steel structures";;;;;2018;71;"Civil Engineering"
2018-09-26;DIS471;624;"Chaudhari, Jagdish Bhanudas";"Proposal of retrofitting option for low rise rc building";;;;;2018;56;"Civil Engineering"
2018-09-26;DIS472;624;"Toshniwal, Rutika Vinod";"Lateral shear strength of steel plate shear wall with full and partial boundary frame interacton";;;;;2018;47;"Civil Engineering"
2018-09-26;DIS473;624;"Swami, Shivprasad Tryambakappa";"Comparative study on analysis of rc buildings by using is 1893 (part 1) :2002 and is 1893 (part 1): 2016";;;;;2018;65;"Civil Engineering"
2018-09-27;DIS474;624;"Singh, Prakash  Abhiram";"Seismic retrofitting of tall building with open group storey";;;;;2018;59;"Civil Engineering"
2018-09-27;DIS475;624;"Pawar, Rajesh Shivaji";"Critical study on the development of forces and displacements under seismic loading in structures provided with offsets";;;;;2018;88;"Civil Engineering"
2018-09-27;DIS476;624;"Nemade, Sushil R";"Seismic pounding analysis in adjacent building";;;;;2018;48;"Civil Engineering"
2018-09-27;DIS477;624;"Mankar, Ajinkya C";"Investigation design and analysis of water distribution network of a rural water supply scheme using water gems";;;;;2018;53;"Civil Engineering"
2018-09-27;DIS478;624;"Bansode, Priti Baliram ";"An efficient algorithm for prediction of ground water fluctuation using artificial neural network";;;;;2018;64;"Civil Engineering"
2018-09-27;DIS479;624;"Murkute, Komal Dhanaji";"Determination of effective impervious area in western indian urban catchment";;;;;2018;76;"Civil Engineering"
2018-09-28;DIS480;624;"Pawar, Komal Shivaji";"Parametric study of hydraulic jump on slopping channel";;;;;2018;45;"Civil Engineering"
2018-09-28;DIS481;624;"Dhande, Sagar S";"Supercritical flow measurment using cutthroat flume";;;;;2018;44;"Civil Engineering"
2018-09-28;DIS482;004;"Rathor, Abhishek Rajendra";"Decentralized and energy - efficient workload management in enterprise clouds";;;;;2018;45;"Computer Science &amp; Engineering"
2018-09-28;DIS483;004;"Debadwar, Rushika Shankarrao";"Automatic number plate recognition by using opency with knn training";;;;;2018;41;"Computer Science &amp; Engineering"
2018-09-28;Dis484;677;"Kendre, Gajanan Uttamrao";"Effect of spin pack life on runnability of poy & breakage analysis";;;;;2018;37;"Textile Technology"
2018-09-28;DIS485;681.2;"Jad, Namrata V";"Fingerprint identification with separate texture and minutiae features";;;;;2018;60;"Instrumentation Engineering"
2018-09-28;DIS486;681.2;"Ghumnar, Nitinkumar J";"Reverse engineering and validation of delta v dcs";;;;;2018;107;"Instrumentation Engineering"
2018-09-28;DIS487;681.2;"Kulkarni, Sneha A";"Bone tumor segmentation and comparison with different segmentation methods";;;;;2018;43;"Instrumentation Engineering"
2018-09-28;DIS488;681.2;"Singh, Niharika P";"Automatic  tuberculosis detection using chest radiographs";;;;;2018;58;"Instrumentation Engineering"
2018-10-04;Dis489;681.2;"Sardeshpande, kaushik D | Thool, Vijaya R";"Psycholglcal stress prediction and analysis using deep convolutional neural networks";;;;;2018;76;" Instrumentation Engineering"
2018-10-04;DIS490;681.2;"Kadam, Piyush D";"Automatic detection of exudates and microaneurysms using fundus images";;;;;2018;59;"Instrumentation Engineering"
2018-10-04;Dis491;681.2;"Bhimte, Namrata R | Thool, V R";"Cotton leaf disease detection and classification using svm and neural network classifier";;;;;2018;72;"Instrumentation Engineering"
2018-10-04;Dis492;681.2;;"Control of industrial processes with time delay based on modified uncertainty and distrubance estimator";;;;;2018;40;"Instrumentation Engineering"
2018-10-04;DIS493;681.2;"Bhalerao, Dinesh D | Patre, B M";"Control of industrial processes with time delay based on modified uncertainty and distrubance estimator";;;;;2018;40;"Instrumentation Engineering"
2018-10-04;DIS494;681.2;"Dosalwar, Yugendra L | Holambe, R S";"Cotton leaf segmentation and classifiction using deep learning";;;;;2018;59;
2018-10-04;DIS495;681.2;"Bhaladhare, Chittaranjan Y | Holambe, R S";"Brain tumor segmentation and classification";;;;;2018;61;"Instrumentation Engineering"
2018-10-04;DIS496;681.2;"Suryavanshi, Vishal T | Sarwadnya, R V | Deshmukh,  Abhay C";"Integration of standard milling control for engraving applications ";;;;;2018;57;" Instrumentation Engineering"
2018-10-04;DIS497;621.131;"Marawar, Pornima Naresh  | Waikar, M L";"Hydrological modeling of a watershed by using scs-cn are-gls and hec-hms";;;;;2018;68;"Civil Engineering"
2018-10-04;DIS498;621.131;"Thalpate, Abhijit sanjay | Patil, L G";"Dynamic modeling and optimization of urban sewerage network";;;;;2018;64;"Civil Engineering"
2018-10-04;DIS499;621.381;"Borkar, Shalini Ganeshrao  | Gajre,S S";"Design of lvds transceiver with calibrated termination";;;;;2018;36;"Electronics &amp; Telecommunication Engineering"
2018-10-04;DIS500;660.281];"Kamble, Manjusha Gunderao ";"Automation for rotomolding machine by using pls and hmi";;;;;2018;115;"Instrumentation Engineering"
2018-10-04;DIS501;624.0681;"Bagad, Prasad B";"Desing of water grid system for north marathwada region";;;;;2018;66;"Civil Engineering"
2018-10-17;DIS502;681.2;"Rudrawar, G S | Asutkar, V G  | Joshi, C K";"Smart control panel for synchronizati of sources";;;;;2018;61;"instrumentation engineering"
2019-05-24;DIS503;624;"Sonavane, Nitin U | Waikar, M L ";"Urban storm water modeling using epas swmm a case study of pune city";;;;;2019;54;
2019-07-15;DIS504;005;"Bagade, Kartik Sunil ";"Power window system ";;;;;2019;42;"Computer Science &amp; Engineering"
2019-07-16;DIS505;006.31;"Mashayak, safura Atherpasha ";"Network intrusion detection exploitation machine learning strategies with the utilization of feature elimination mechanism concerning the feasibility and sustainbility ";;;;;2019;48;"Computer Science &amp; Engineering"
2019-07-16;DIS506;004;"Phulpagar, Varsh Kalidas ";"A privacy preserving and copy deterrence content based image retrieval scheme in cloud computing  ";;;;;2019;33;" Information Technology"
2019-07-16;DIS507;005.133;"Janardhanrao, Pateari Ketaki";"Text dectection from natural images using noise reducing mser algorithm ";;;;;2019;46;"Computer Science &amp; Engineering"
2019-07-16;DIS508;004;"Pattewer, Nandkumar Sayali ";"Symptoms based doctor recommender system using collaborative filtering ";;;;;2019;36;"Computer Science &amp; Engineering"
2019-07-16;DIS509;621.3821;;"Privacy protection for wireless medical sensor ";;;;;2019;32;"Computer Science &amp; Engineering"
2019-07-17;DIS510;005;"Kule, Pooja Ravindra | Kulkarni,  U V";"Speech processing using mel frequency cepstral coefficients";;;;;2019;30;"Computer Science Engineering"
2019-07-30;DIS511;660.281;"Joshi, Shrikant | Patre, B M";"Development of sliding mode controller for process control applications";;;;;2019;36;"Instrumentation Engineering"
2019-07-30;DIS512;641.302;"Gadgul, Sanket | Patre, B M";"Design of emulsification phases for nutraceutical product manufacturing";;;;;2019;64;"Instrumentation Engineering"
2019-07-30;DIS513;620.008;"Buktare, Prashantraj D";"Application of lot technology in greenhouse management";;;;;2019;42;"Instrumentation Engineering"
2019-07-30;DIS514;629.8;"Dandale, Abhay";"Satelite image processing for crop identification";;;;;2019;54;"Instrumentation Engineering"
2019-07-30;DIS515;629.8;"Dofekar, Kajal G | Kumar, Neelesh";"Development of robotic rehabilitation device for spasticity treatment";;;;;2019;53;"Instrumentation Engineering"
2019-07-30;DIS516;005.73;"Bais, Neha Rajendrasingh";"Efficient web cache management using trie data structure";;;;;2019;35;"Information Technology"
2019-07-30;DIS517;616.99;"Meshram, Nishant Wasudeorao";"Comparison of brain tumour classification via cnn and svm";;;;;2019;25;"Information Technology"
2019-07-30;DIS518;620.0044;"Bhure, Surabhi | Hamde, S T";"Study and exploration of nir image enhancement techniques";;;;;2019;42;"Instrumentation Engineering"
2019-07-30;DIS519;620.0044;"Vyawahare, Aboli";"An efficient approach for detection and classification of breast masses in digital mammograms";;;;;2019;38;"Instrumentation Engineering"
2019-07-30;DIS520;006.31;"Somatkar, Pooja Arun";"Sequential deep learning with 3d-cnn for human action recognition and label prediction";;;;;2019;37;"Information Technology"
2019-07-30;DIS521;006.3;"Gajele, Manisha Hanmant";"Vehicle logo recognition using convolutional neural network";;;;;2019;28;"Computer Science &amp; Engineering"
2019-07-30;DIS522;620.0044;"Shinde, Niraj";"Development of dual axis solar tracking system based on machine vision";;;;;2019;50;"Instrumentation Engineering"
2019-07-30;DIS523;005;"Gundle, Pooja A";"Tacotron towords end to end speech synthesis";;;;;2019;32;"Computer Science &amp; Engineering"
2019-07-31;DIS524;620.0044;"Thengre, Aishwarya";"Application of kalman filter to a free falling object on earth";;;;;2019;40;"Instrumentation Engineering"
2019-07-31;DIS525;620.0044;"Bhokre, Somesh C";"Hand gesture recognition using neural network";;;;;2019;55;"Instrumentation Engineering"
2019-07-31;DIS526;620.0044;"Raut, Pavan N";"Tuning of pid controller by using particile swarm optimization";;;;;2019;41;"Instrumentation Engineering"
2019-07-31;DIS527;005;"Gontalwar, Pranav Subhash";"Toword preserving privacy and functionality in geosocial networks";;;;;2019;25;"Computer Science &amp; Engineering"
2019-07-31;DIS528;620.0044;"Yerawar, Pooja Venkatrao";"Classification of unbalanced data using ensemble support vector regression";;;;;2019;40;"Information Technology"
2019-07-31;DIS529;005;"Renguntwar, Pravin G";"Text summarization";;;;;2019;38;"Computer  Science &amp; Engineering"
2019-07-31;DIS530;005;"Narkhede, Nutan G";"Software designing coding & testing for estimation process";;;;;2019;26;"Computer Science &amp; Engineering"
2019-07-31;DIS531;005.43;"Quazi, Mohammadi Begum";"Analyzing the impact of meditation on cognitive workload using eeg signals";;;;;2019;39;
2019-07-31;DIS532;006.312;"Patni, Shradha Sanjay";"Detecting and eliminating web application vulnerabilities with data mining";;;;;2019;33;"Information Technology"
2019-07-31;DIS533;005;"Baradkar, Vallabh";"Brain tumor segmentation using mri image";;;;;2019;27;"Information Technology"
2019-08-01;DIS534;005;"Khedkar, Kirti Vidyadhar";"Analysis of classification algorithms using neuro-fuzzy approach";;;;;2019;30;"Computer Science &amp; Engineering"
2019-08-01;DIS535;005;"Supe,Vaibhav Dilip";"Iot-based greenhouse monitoring system";;;;;2019;51;"Computer Science &amp; Engineering"
2019-08-01;DIS536;005;"Budhewar, Anmol Shankar";"Implementation of visual cryptography in identity specification scheme";;;;;2019;41;"Computer Science &amp; Engineering"
2019-08-01;DIS537;005;"Wavale, Arti Munjaji";"Eow system and fpga board prototype";;;;;2019;45;"Computer Science &amp; Engineering"
2019-08-01;DIS538;004;"Bhosale, Suchita";"A methodology to discover and remove the direct & indirect discrimination from dataset";;;;;2019;35;"Information Technology"
2019-08-20;DIS539;670.2854;"Khalane, Kishor Devidas | Parvekar, R P";"Development of valve modeller add on tool for nx using nx open apl";;;;;2019;122;"Mechanical Engineering"
2022-01-04;DIS540;628.1;"Survase, Niteen Madhukar";"Design of multi-village rural water supply system";;;;;2021;114;"Civil Engineering"
2019-08-20;DIS541;670.2854;"Lkhar, Ashish Devishankar | Parvekar, R P";"Development of automated ebom to mbom conversion tool in delmia tm caa";;;;;2019;76;"Mechanical Engineering"
2019-08-20;DIS542;670.2854;"Bhamre, Umesh Manik";"Development of a call out numbers control automation tool in creo parameteic";;;;;2019;32;"Mechanical Engineering"
2019-08-20;DIS543;670.2854;"Jaybhaye, Komal Bharat                                      ";"Drawing assistant tool";;;;;2019;44;"Mechanical Engineering"
2019-08-20;DIS544;670.2854;"Chavan, Pravin Bhaskar | Tungikar, V B";"Graphical report generation for industrial data using plm teamcenter";;;;;2019;42;"Mechanical Engineering "
2019-08-20;DIS545;670.2854;"Hortikar, Ratiesh Ravindra | Tungikar, V B";"Experimental and numerical study of receiver for scheffler dish reflector";;;;;2019;44;"Mechanical Engineering"
2019-08-20;DIS546;670.2854;"Shakran, Swaleh Abdul Rauf | Nandedkar, V M";"Custom product configuration using siemens rulestream eto";;;;;2019;44;"Mechanical Engineering"
2019-08-20;DIS547;670.2854;"Imran Hassan, Ahmad Hassam | Tungikar, V B";"Design and performance analysis of solar dryer";;;;;2019;35;"Mechanical Engineering"
2019-08-20;DIS548;670.2854;"Kamble, Abhijeet Bhikaji | Nandedkar, V M";"Customization of ug nx software for modelling and drafting of wheel rims";;;;;2019;74;"Mechanical Engineering"
2019-08-20;DIS549;670.2854;"Bagade, Zilesh  Narendra    | Dabade, B M";"Develop a custom tool of viscous clutch for modeling in catia";;;;;2019;52;"Mechanical Engineering"
2019-08-20;DIS550;670.2854;"Tuptewat, Yogesh Sanjay | Khandre, N M ";"Design and analysis of coal silo and coal bunker";;;;;2019;63;"Mechanical Engineering"
2019-08-20;DIS551;670.2854;"Rathod, Digvijay Pralhadrao | Wankhade, L N";"Characterization of aluminium silicon carbide metal matrix composites mmc";;;;;2019;64;"Mechanical  Engineering"
2019-08-20;DIS552;670.2854;"Mahajan, Akshay Shesherao | Rodge, M K";"Development of coupling modeler and on tool  for nx using nx open apl";;;;;2019;54;"Mechanical Engineering"
2019-08-20;DIS553;670.2854;"Bhumre, Suresh Jaywantrao | Parvekar, R P";"Design and development of feature identification tool in nxtm";;;;;2019;56;"Mechanical Engineering"
2019-08-20;DIS554;670.2854;"Jangle, Shivprasad Sheshrao | Wankhade, L N";"Modeling and analysis of mono leaf spring";;;;;2019;77;"Mechanical Engineering"
2019-08-20;DIS555;670.2858;"Aundhkar, Abhishek Uday | Dabade, B M";"Desing and analysis of gear housing used in lifts";;;;;2019;45;"Mechanical Engineering"
2019-08-20;DIS556;670.2854;"Deshmukh, Vaibhav Dilip | Wankhade, L N";"Active workspace  client configuration and customization for user friendly mangement";;;;;2019;70;"Mechanical Engineering"
2019-08-20;DIS557;670.2854;"Choudhari, Rohit Ashok | Dabade, B M ";"Design and analysis of tractor plough equipment";;;;;2019;53;"Mechanical Engineering"
2019-08-20;DIS558;670.2854;"Jadhav, Vijay Parudas | Nandedkar, V M  | Chandra, Aditi";"Solid edge customization for design of direct contact heater";;;;;2019;67;"Mechanical Engineering"
2019-08-20;DIS559;670.2854;"Misal, Shubham Bharat | Dabade, B M";"Nx customization for design and automation of brine tank";;;;;2019;56;"Mechanical Engineering"
2019-08-20;DIS560;670.2854;"Lahoti, Gaurav Vijaykumar | Rodge, M K";c;;;;;2019;50;"Mechanical Engineering"
2019-08-20;DIS561;621.381;"Palkratwar, Vinod  | Chile, R H";"Green field brewery automation";;;;;2019;85;"Instrumentation Engineering"
2019-08-20;DIS562;620.1;"Biyani, Radhika Suresh | Rodge, M K";"Design and development of pipe fitting add on tool";;;;;2019;126;"Mechanical Engineering"
2019-09-07;DIS563;005.1;"Shaikh,Ubaid Ahmed";"Rating prediction based on elite users sentiment from textual reviews";;;;;2019;38;"Information Technology"
2019-12-31;DIS564;621.395;"Gaikwad, Vicky Bhausahab | Parvekar, R P ";"Master of technology in mechanical product lifecycle management ";;;;;2018;68;"Mechanical Engineering"
2019-12-31;DIS565;621.395;"Deothankar, Govindraj Jalba  | Parvekar, R P";"Test data management in automotive industry level - I";;;;;2018;102;"Mechanical Engineering "
2019-12-31;DIS566;621.395;"Singh Thakur Singh, Bungai  Gaganpreet  | Nandedkar, Y M";"Implementation of cad dmu process in cv industry using 3d experience ";;;;;2018;87;"Mechanical Engineering "
2019-12-31;DIS567;621.395;"Athwale, Suneha Digambar  | Khandre, N M ";"Design & development of framework of variant management a case study of cv industry by using 3d experience";;;;;2018;67;"Mechanical Engineering"
2019-12-31;DIS568;621.395;"Raut, Akshay Bhimrao | Parvekar, R P";"Design and development of voice assistance in plm software to support business operation";;;;;2018;122;"Mechanical Engineering"
2019-12-31;DIS569;621.395;"Mangiraj, Shreyas Shantanu";"Automation in support support through chatbot cnstomized  with plm tool";;;;;2018;108;"Mechanical Engineering"
2019-12-31;DIS570;621.395;"Hande, Krishna Bhagwanrao";"Integrating product lifecycle management with new product development process for oem  original equipment manufacturer";;;;;2018;70;"Mechanical Engineering"
2019-12-31;DIS571;621.395;"Gotamwad, Hanmant Bhanudas | Parvekar, R P";"Design and development of implementation framework for engineering change management process using windehill TM";;;;;2018;95;"Mechanical Engineering"
2019-12-31;DIS572;621.395;"Kalgapure, Akash Govind | Rodge, M K ";"Digital project delivery and data migration";;;;;2018;43;"Mechanical Engineering "
2019-12-31;DIS573;621.395;"Sherkar, Vaibhav Dilip";"Rectification of issues between cad software & windchill workgroup management";;;;;2018;71;"Mechanical Engineering"
2019-12-31;DIS574;621.395;"Raut, Parikshit Jagannath";"Development of tool and info command for creating custom business object in active workspace  system and development of utility for flnding out orphan data from teamcenter database ";;;;;2018;69;"Mechanical Engineering"
2019-12-31;DIS575;621.395;"Shankpale, Shankar Kiran ";"upgradation of plm software ane process development in the automobile industry using failure issue tracking system ";;;;;2018;74;"Mechanical Engineering"
2019-12-31;DIS576;621.395;"Rupnar, Sudam Madhavrao";"Enterprise intellectual property compliance and reporting in plm";;;;;2018;65;"Mechanical Engineering"
2019-12-31;DIS577;621.395;"Patil, Rahul Abhmanue ";"Master of technology in mechanical product lifecyclcle management ";;;;;2018;53;"Mechanical Engineering "
2019-12-31;DIS578;621.395;"Nage, Prasad Gajendra  | Parvekar, R P";"Data model customization and object behavior control of 3dexperibncbr  platform and development of unification archiecture ";;;;;2018;77;"Mechanical Engineering"
2019-12-31;DIS579;621.395;"Khaire, Mandar Suryakant";"Multi cad data management for digital continuity in commercial vehicle industry";;;;;2018;69;"Mechanical Engineering "
2019-12-31;DIS580;621.395;"Wankhade, Priyanka Narendra ";"Integrated bom data management and validation ";;;;;2018;86;"Mechanical  Engineering"
2021-11-16;DIS581;624;"Kelkar, Pravin Vijay ";"Design of self loading tower";;;;;2021;61;"Civil Engineering "
2021-11-16;DIS582;624;"Doiphode, P D";"Dam break analysis and flood inundation mapping using two dimensional hec-ras model for kanher dam";;;;;2021;72;"Civil Engineering "
2021-11-16;DIS583;624;"Sirsikar, Rajat Abhay";"Performance based seismic design of plan irregular reinforced concrete buildings";;;;;2021;63;"Civil Engineering "
2021-11-16;DIS584;624;"Mane, Piyush Raosaheb ";"Parametric study of effects of shear wall and bracing system on rcc framed builiging";;;;;2021;69;"Civil Engineering "
2021-11-16;DIS585;624;"Monde, Amruta Suresh ";"Effect of soil structure interaction on seismic response of structures";;;;;2021;59;"Civil Engineering "
2021-11-16;DIS586;624;"More, Ashish Anandrao ";"Effect of different chemical admixtures on fresh and hardened properties of ";;;;;2021;62;"Civil Engineering "
2021-11-16;DIS587;624;"Hande, Priyanka  S";"Floodplain modeling of godavari river around nanded ";;;;;;73;"Civil Engineeering"
2021-11-16;DIS588;624;"Hussain Farooqui, Qudsiya Banu Altaf";"Assessment of climate change impacts on precipitation and temperature using sdsm based on canesm2 predictors";;;;;2021;55;"Civil Engineering "
2021-11-16;DIS589;624;"Bhagwatkar, Shweta C";"Combining remote sensing and modelling approaches to assess soil salinity of irrigated area";;;;;2021;53;"Civil Engineering"
2021-11-16;DIS590;624;"Kendre, Vanita Digambar ";"Identification of groundwater potential zone using remote sensing and gis technique";;;;;2021;35;"Civil Engineering"
2021-11-16;DIS591;624;"Shaikh Neha, Anjum Nisar";"Flood Modelling and simulation using iric model for dhom on krishna river";;;;;2021;51;"Civil Engineering "
2021-11-16;DIS592;624;"Dusawar, Mrudula Rajesh ";"Advanced oxidation processes for the removal of blue green algae from the water treatment plant";;;;;2021;100;"Civil Engineering "
2021-11-16;DIS593;621.3;"Patil, Bhagyashri Basveshwar";"Design and verification of high speed modified ";;;;;2021;45;"Electronics and Telecommunication Engineering "
2021-11-16;DIS594;621.38;"Yesage, Santosh Mahadev ";"Design of bist for sram using verilog hdl";;;;;2021;40;"Civil Engineering"
2021-11-16;DIS595;624;"Kamble, Abhilash Sopanrao";"Scrap tyre rubber as a particle replacement to fine aggregate in concrete";;;;;2021;61;"Civil Engineering "
2021-11-16;DIS596;621.38;"Syed Qayyum Ali, Humera Firdose";"Richer convolutional for edge ";;;;;2020;30;"Electronics And Telecommunication Engineering"
2021-11-16;DIS597;621.38;"Shaukat Ullah Khan, Ifrah Khanam";"Fundus images based detection and grading of macular edema using robust macula localization ";;;;;2020;64;"Electronics And Communication Engineering "
2021-11-16;DIS598;677;"Gaikwad, Ratnawali Jalba";"Improvement of existing tree guard by covering it with nonwoven fabric";;;;;2021;42;"Textile Technology "
2021-11-16;DIS599;621.38;"Pandey, Rohit  R";"Design and verification of uart protocol using system verilog and uvm methodology";;;;;2018;42;"Electronics and Telecommunication Engineering "
2021-11-17;DIS600;621.38;"Mhaske, Bhushan Sunil ";"H/w s/w verification of low power and high performance memory interfaces ";;;;;2018;44;"Electronics and Telecommunication Engineering"
2021-11-17;DIS601;621.3;"Rathi, Rucha Gopal";"Bring up of memory subsystems";;;;;2018;45;"Electronics &amp; Telecommunication Engineering"
2021-11-17;DIS602;621.38;"Borkar, Vinod Vittalrao";"Design of electro-tactile stimulation array for brainport vision device ";;;;;2018;40;"Electronics and Telecommunication Engineering "
2021-11-17;DIS603;621.395;"Borolkar, Parmeshwar Kamalakar ";"Intrusion detection system using machine learning models ";;;;;2018;38;"Electronics and Telecommunication Engineering"
2021-11-17;DIS604;621.38;"Pawar, Pratiksha Balasaheb";"Risc-v design ";;;;;2021;63;"Electronics and Telecommunication Engineering"
2021-11-17;DIS605;624;"Ahmed, Siddiqui Furkhan";"Evaluation and comparison between post tensioned flat slab and rcc flat using finite element method";;;;;2021;93;"Civil Engineering"
2021-11-17;DIS606;624;"Singh Kapoor, Ajit Singh Tejinder";"Optimization and rehabilitation of culverts in wayanad district of Kerala";;;;;2021;"Civil Engineering ";"Civil Engineering "
2021-11-17;DIS607;621.38;"Iaware, Shon Pravin";"Analyzing capabilities and design of risc-v processor";;;;;2021;39;"Electronics and Telecommunication Engineering "
2021-11-17;DIS608;621.395;"Shinde, Usha Shivajirao";"Automation of cdc &lint analysis and development of genric synchronizers for vlsi designs used in on board";;;;;2021;37;"Electronics and Telecommunication Engineering "
2021-11-17;DIS609;621.3;"Tidke, Rakshanda Baban";"Analyzing the design of risc-v and design of custom instructions";;;;;2021;42;"Electronics and Telecommunication Engineering "
2021-11-17;DIS610;621.38;"Pande, Indrajeet Purushottam";"Verification of apb protocol using system verilog and uvm";;;;;2021;46;"Electronics and Telecommunication Engineering "
2021-11-17;DIS611;621.395;"Shete, Anagha Prakashrao ";"Remote monitoring of active harmonic filter using iot ";;;;;2020;39;"Electronics and Telecommunication Engineering "
2021-11-17;DIS612;621.395;"Saraf, Tejas Nitin ";"Implementation of fraud detection using machine learning algorithm and internship experience";;;;;2020;55;"Electronics and communication Engineering "
2021-11-17;DIS613;621.3;"Jondhale, Pratiksha Ishwar";"Validation of advanced extensible interface (axi) Protocol verification ip using uvm";;;;;2020;37;"Electronics and Telecommunication Engineering "
2021-11-17;DIS614;621.3;"Vibhute, Chetan Mukund";"Verification of memory controller ip core using system ";;;;;2020;42;"Electronics and Telecommunication Engineering"
2021-11-17;DIS615;621.38;"Dawande, Mayuri Uday";"Verification of amba ahb protocal";;;;;2020;37;"Electronics and Telecommunication Engineering"
2021-11-17;DIS616;621;"Mamadge, Pranavi Vishwas";"Verification of usb 2.0";;;;;2021;59;"Electronics and telecommunication Engineering"
2021-11-17;DIS617;621.38;"Waghmare, Arti Manikrao";"Design and verification of 64-bit signed alu";;;;;2021;50;"Electronics and Telecommunication Engineering "
2022-03-08;DIS618;624;"Shaikh Aasef, Shaikh Nisar | Ullagaddi, P B | Chandrashekhar, N K";"Seismic Analysis of a Multi-Storeyed Building With Configuration of Floating Columns";;;;;2022;64;"Civil Engineering"
2022-03-08;DIS619;624;"Bhure, Yugshree E | Dahe, P D";"Design and analysis of chandi group of water distribution network using watergems software";;;;;2021;86;"Civil Engineering"
2022-06-24;DIS620;624;"Ms. Gunjkar, Aakanksha Dileeprao | Prof. Dahe, P D | Mr. Kurhe, C N";"Design of raft foundation resting on piles";;;;;2021;49;"Civil Engineering"
2022-08-19;DIS621;621.3;"Ankit, Kumar Singh | Manthalkar, R R";"Design uart controller using verilog HDL";;;;;2022;39;"Electronics &amp;Telecommunication Engineering"
2022-08-22;DIS622;624;"Patil, Abhishek Hanmantrao  | Awchat, G D | Prasad,C A";"Incremental dynamic analysis and seismic fragility analysis of RC frame";;;;;2022;63;"Civil Engineering"
2022-08-22;DIS623;624;"Kharosekar, Narsingha Anil | Awchat, G D | Prasad, C A";"Seismic analysis and design of concrete encased composite column with various steel sections ";;;;;2022;59;"Civil Engineering "
2022-08-22;DIS624;624;"Kashetwar, Pandurang Pralhad | Nilawar, A P";"Seismic analysis of a tall building with & without open ground in different seismic zones of india ";;;;;2022;49;" Civil Engineering "
2022-08-22;DIS625;624;"Mene, Pranav Pramod  | Nilawar, A P";"Seismic analysis of rcc structure with horizontal and vertical irregularities";;;;;2022;69;"Civil Engineering "
2022-08-22;DIS626;624;"Dahe, P D | Dingane, Rahul";"Comparative study of omre and smrf structural system for buildings subjected to seismic load ";;;;;2022;56;"Civil Engineering "
2022-08-22;DIS627;624;"Kakade, Bhagyashree Anil | Ullagaddi, P B | Patchigolla, Pavan";"Emulative design and seismic response of precast column-foundation connections ";;;;;2022;86;"Civil engineering "
2022-08-22;DIS628;624;"Chavan, Kapil Pradip  | Dahe, P D";"Effect of skew angle on composite bridge in seismic zone ";;;;;2022;43;"Civil engineering "
2022-08-22;DIS629;624;"Janke, Vaibhav Piraji | Patil, L G  | Patil, Prashant ";"Non linear analysis of beam column joint with geopolymer";;;;;2022;60;"Civil Engineering "
2022-08-22;DIS630;624;"Chavan, Mahesh Venkatrao | Patil, L G | Singh, Karanpal Hazuria";"Seismic analysis of reinforced concrete regular and irregular building with THM using ETABS";;;;;2022;57;"Civil Engineering "
2022-08-22;DIS631;624;"Jadhav, Sahebrao Anandrao | Patil, L G | Furkhan, Ahmed";"Non-linear dynamic analysis of high-rise flat slab structure with various lateral lode resisting system ";;;;;2022;58;"Civil Engineering "
2022-08-22;DIS632;624;"Ingle, Vaibhav Vinod  | Awchat, G D | Kumar, Senthil K";"Characterization of 3D printed concrete under hardened state ";;;;;2022;80;"Civil Engineering "
2022-08-22;DIS633;624;"Manthale, Devika Gangadhar | Dahe, P D";"Analysis and design of pre-engineered building using indian and american code";;;;;2022;68;"Civil Engineering "
2022-08-22;DIS634;624;"Rathod, Balasaheb Ramrao | Patil, L G | Singh, Karanpal Hazuria";"Retrofitting of reinforced concrete structure-A performance based approach";;;;;2022;53;"Civil Engineering "
2022-08-22;DIS635;624;"Kulkarni, Pranav Prakash | Awchat, G D | Patchigolla, Pavan";"Performance study of various types of beam-column joint connections in steel structure ";;;;;2022;91;"Civil Engineering "
2022-08-22;DIS636;624;"Shiradhonkar, Pooja C | Dr. Ullagaddi, P B | Dr.Shiradhonkar, S R";"Dynamic analysis of existing railway bridge for increasing speed of trains";;;;;2021;105;"Civil Engineering"
2022-08-22;DIS637;624;"Eknar, Narayan Pravin | Awchat, G D | Sirsikar, Abhay Rajat";"Parametric study of cfs stud & track Configurations on the flexural capacity of the light gauge framing system ";;;;;2021;100;"Civil Engineering"
2022-08-30;DIS638;621.705;"Miss. Kalse, Pranali Prashant  | Dr. Dabade, B M";"Study of fea based topology optimization of mbb using additive manufacturing constraints";;;;;2021;50;"Production Engineering"
2022-08-30;DIS639;621.705;"Telang, Punam Vilasrao | Khandre, N M";"Vibration fatigue of steering knuckle using single psd load in ansys workbench";;;;;2021;54;"Production Engineering"
2022-09-05;Dis640;624;"Bhoyar, Sharyu Ashok | Dahe, P D";"Design of multi-village water supply system";;;;;2022;126;"Civil Engineering "
2022-09-05;DIS641;624;"Khadare, Ajay Gopinath | Nileawar, A P";"Estimation of evapotranspiratio at different crop growth stages by using lysimeter";;;;;2022;84;"Civil Engineering "
2022-09-05;DIS642;624;"Dhone, Pavan Bhaskar | Londhe, P B";"Drainage morphometric analysis for watershed within pingali region by using geoinformatic  techniques";;;;;2022;118;"Civil Engineering "
2022-09-05;DIs643;624;"Ingole, Sanket Madhavrao | Londhe, P B ";"Design and analysis water distribution network for nila village ";;;;;2022;71;"Civil Engineering "
2022-09-08;DIS644;621.381;"Jondhale, Roshani Bhimrao | Dr.Gajre, S S";"A design technique for faster dadda multiplier";;;;;2022;35;"Electronics &amp; Telecommunication Engineering"
2022-09-08;DIS645;621.381;"Chaudhari, Rajesh Yagnesh | Dr.Joshi, Y V";"Design & verification of amba apb using system verilog";;;;;2022;40;"Electronics &amp; Telecommunication Engineering"
2022-09-08;DIS646;621.381;"Mr. Wasankar, Ravindra Prajwal | Dr.Joshi, Y V";"Encryption/ decryption architectures for bfv homomorphic encryption scheme";;;;;2022;42;"Electronics &amp; Telecommunication Engineering"
2022-09-08;DIS647;621.381;"Moharil, Sandhya Ravikumar | Dr. Joshi, Y V";"Design functional blocks of 32 bit risc-v microprocessor using verilog hdl";;;;;2022;42;"Electronics &amp; Telecommunication Engineering"
2022-10-06;DIS648;005.82;"Waghmare, Pallavi Ravindra | Dr.Waghmare, M Jaishri";"Medical image security using cryptography & watermarking in python";;;;;2021;44;"Computer Science Engineering"
2023-07-26;DIS649;006;"Pathak, Shweta S  | Bonde, S V";"Sentiment analysis and task classification using electroencephalogram";;;;;2022;92;"Electronics &amp; Telecommunication Engineering "
2023-07-26;DIS650;624;"Ghongade, Manojkumar D | Patil, L G";"Life cycle assessment of water treatment plant a case study";;;;;2022;41;"Civil Engineering "
2023-07-26;DIS651;629;"Uphade, Balaji V | Nilawar A P";"Modeling calibration & assessment of rehabilitated water distribution system of miraj city a case study ";;;;;2022;60;"Civil Engineering "
2023-07-27;DIS652;620;"Patil, Aniket B | Dabade, B M  | Rajmore, K G";"Customization for separation of assembly child part and export the separated data";;;;;2021;34;"Mechanical Engineering "
2023-07-27;DIS653;620;"Parde, Jaykumar Babanrao | Khandre, N M | Rajmore, K G";"Implementation of solid edge built-in data management -a case study in siemens ";;;;;2021;"47 ";"Mechanical Engineering "
2023-07-27;DIS654;620;"Nawghare, Mukteshwar Kerba";"Improve reutilization  of standard parts in PLM systems ";;;;;2022;" 52";"Mechanical Engineering "
2023-07-27;DIS655;620;"Kalwale, Parmeshwar B | Parvekar, R P";"Implementation of teamcenter integration with ERP systems ";;;;;2022;42;"Mechanical Engineering "
2023-07-27;DIS656;620;"Usturge, Om Shivling  | Parvekar, R P";"Method of bill of materials validation (Mechanical-product lifecycle management)";;;;;2022;;"Mechanical Engineering "
2023-07-27;DIS657;620;"Chavan, Nagesh Ashokrao | Dabade, B M | Rajmore, K G";"Teamcenter functionality enhancement and upgrade";;;;;2021;51;"Mechanical Engineering "
2023-07-27;DIS658;620;"Lalbahadur, Bhagat Surajkumar | Parvekar, R P";"Integration of ALM-PLM and CAD-PLM applications ";;;;;2022;101;"Mechanical Engineering "
2023-07-27;DIS659;620;"Barve, Shubham Nivas | Parvekar, R P";"Implementation of contact CIM database in personal care component industry";;;;;2022;42;"Mechanical Engineering "
2023-07-27;DIS660;620;"Deo, Srishti Ajay | Tungikar, V B  | Kadam, A R";"Automation of emerson applied mechanics work request";;;;;2020;70;"Mechanical Engineeing"
2023-07-27;DIS661;620;"Patil, Vikas Jaywant  | Tungikar, V B | Kadam, A R";"Application development on mendix platform";;;;;2021;42;"Mechanical Engineering "
2023-07-27;DIS662;620;"Shinde, Pallavi Babulal | Parvekar, R P ";"Digitalization of service operations using teamcenter service lifecycle management software";;;;;2022;50;"Mechanical Engineering "
2023-07-27;DIS663;620;"Bainwad, Pratik Vithalrao | Wankhade, L N";"Server side customization for creation of project and assigning of users using ITK";;;;;2022;53;"Mechanical Engineering "
2023-07-27;DIS664;620;"Syed, ZohebI Irtekhaz | Rodge, M K ";"Teamcenter dispateher customization and translation request creation ";;;;;2022;78;"Mechanical Engineering "
2023-07-27;DIS665;620;"Ladkhedkar, Aditya Sandeep  | Rodge, M K ";"Development and deployment of data migration tool using rich application client custiomization ";;;;;2022;58;"Mechanical Engineering "
2023-07-27;DIS666;620;"Jadhao, Tilak Shivprasad  | Parvekar, R P";"PLM teamcenter implementation for automotive industry";;;;;2022;65;"Mechanical Engineering "
2023-08-10;DIS667;624;"More, Swapnil Anandrao | Dr Dahe, P D | Dr.Nilawar, A P";"Measuring vegetation cover change in kinwat wildlife sanctuary using vegetation indices";;;;;2023;48;"Civil Engineering"
2023-09-20;DIS668;624;"Suryawanshi, Tanay Maruti | Dahe, P D";"Feasibility analysis of low cost material housing ";;;;;2023;63;"Civil Engineering "
2023-09-20;DIS669;624;"Kulkarni, Gaurav Vinod | Ullagaddi, P B | Chikte, C V";"Structural analysis and design of narrow base lattice transmission tower";;;;;2023;62;"Civil Engineering "
2023-09-20;DIS670;624;"Kulkarni, Gajanan Mukund  | Ullagaddi, P B";"Analysis and design of onshore tall wind turbine ";;;;;2023;56;"Civil Engineering "
2023-09-20;DIS671;624;"Kawtikwar, Akshay Satishrao | Dahe, P B";"Analysis of RC multistorey building with and without blast forces";;;;;2023;67;"Civil Engineering "
2023-09-20;DIS672;624;"Kaleemuddin, Asna Fatima Mohammed  | Nilawar, A P";"Analysis & design of floating & non floating column with & without seismic effeet";;;;;2023;51;"Civil Engineering "
2023-09-20;DIS673;624;"Kulkarni, Prathmesh Prakash  | Patil, L G | Prasad, C A";"Diagrid bracing 3D space frame structural systems in tall buildings";;;;;2023;57;"Civil Engineering "
2023-09-20;DIS674;624;"Sirsat, Amol Chandramuni  | Ullagaddi, P B";"Experimental study on engineered cementitious composites";;;;;2023;51;"Civil Engineering "
2023-09-20;DIS675;624;"Gokhale, Rupali Yeshwantrao | Nilawar, A P | Prasad, C A ";"Comparative study of RCC pre-cast and composite structure using delta beams";;;;;2023;84;"Civil Engineering "
2023-09-20;DIS676;624;"Davkare, Abhishek Balaji | Patil, L G | Prasad, C A";"Flood resistant design of the RC multi- storey building ";;;;;2023;"  58";"Civil Engineering "
2023-09-20;DIS677;624;"Goud, Pooja Omprakash  | Patil, L G | Prasad, C A";"Comparative study of industrial building adopting precast RCC and pre-engineered steel structure ";;;;;2023;82;"Civil Engineering "
2023-09-20;DIS678;624;"Dhawale, Sumedh Vishwanath | Patil, L G";"Influence of span to depth ratio on structural design and behaviour of multicell RC box culvert";;;;;2023;89;"Civil Engineering "
2024-08-07;DIS679;670.2854;"Jawale, Anumahi Mahendrakumar  | Parvekar, R P | Jodho, T S";"Configuration and customization of the teamcenter ";;;;;2023;100;"MECHANICAL ENGINEERING "
2024-09-21;DIS680;624;"Tak, Vivek Gajanan | Dr. Hazuria, K H";"The effect of mainshock aftershock in successive earthquake on the responese of RC building ";;;;;2024;52;"Civil Engineering "
2024-09-21;DIS681;624;"More, Kaustubh Gulabrao | Dr. Dahe, P D";"Multi directional seismic response of a reinforced concrete building ";;;;;2024;55;"Civil Engineering "
2024-09-21;DIS682;624;"Rathod, Akshay Subhash";"Optimum design and analysis of prestressed concrete concrete segmental box girder";;;;;2024;54;"Civil Engineering "
2024-09-21;DIS683;624;"Deshmukh, Devyani chaitanya ";"Analysis of mudkhed water supply scheme for intermittent water supply";;;;;2024;215;"Civil Engineering "
2024-09-21;DIS684;624;"Haldekar, Sushmita Ratnakar | Mr. More A A";"Retrofitting of G+1 residential building ";;;;;2024;89;"Civil Engineering "
2026-07-01;DIS685;624;"Dr. Dahe P D | Sawaleshwarkar, Pooja Uttamrao";"Prediction of rainfall using forecast methods for drought prone talukas of nanded  district";;;;;2022;77;"Civil Enginerring "
2026-07-01;DIS686;624;"Dr. Patil L G  | Waghmare, Sharda Madhav | Muley, Deepak";"Design of underground sewerage systems for ardhapur city by using software";;;;;2023;87;"Civil Engineering "
2026-07-01;DIS687;624;"Dr. Patil L G | Mubashiroddin , Syed Shahid";"Comparative structural and economic analysis of large apan banquet hall with different construction methods";;;;;2024;53;"Civil Engineering "
2026-07-01;DIS688;624;"Dr. Bhoi, A M | Asif Ahmed Mohammad Afsar";"Comparative study of infill frame and bare fram on low mid and high-rise building 's by using pushover analysis";;;;;2024;69;"Civil Engineering "
2026-07-01;DIS689;006.3;"Dr. Bonde, S V | Bhalerao, Milind  V | Bhambre, Hanuman Balasaheb";"Bnak document fraud detection using CNS with OCR ";;;;;2024;54;"Artificial Intelligence"
2026-07-01;DIS690;621.815];"Dr. Patil, J P  | Dr. Mishra, Alok | Khan Maazullah";"Custom action handler in teamcenter using integrated tool kit ITK";;;;;2024;47;"Mechanical Engineering "
2026-07-01;DIS691;621.815;"Dr. Patil L G  | Prof. Patil, Jeet  P | Mohammed Aamer";"Country specific compliance data attachment using IRDC in teameenter";;;;;2024;52;"Mechanical Engineering "
2026-07-01;DIS692;624;"Dr. Patil, L G | Chavan , Supriya Pandit";"Evaluation of the dynamic increase factor in progressive collapse analysis of reinforced concrete frames";;;;;2024;157;"Civil Engineering "
2026-07-01;DIS693;621.4022;"Dr. Deshmukh, P W | Ahmed Taskinat  Sadaf Md";"Heat transfer and friction characteristics of twisted circular tube for turbulent flow conditions";;;;;2024;102;"Production Engineering "
2026-07-01;DIS694;624;"Dr. Bhoi, A M | Kapse, Sonal Satyanrayan";"Evaluation of demand capacity ratio DCR for progressive collapse of an irregular RC frame under confined blast loading ";;;;;2024;157;"Civil Engineering"
2026-07-03;DIS695;621.8;"Dr Patil Jeet P | Prof. Jadhav Tilak S | Saifoddin Syed";"Creating custom object in teamcenter using BMIDE configuration ";;;;;2024;66;"Mechanical Engineering "
2026-07-03;DIS696;624;"Ms, Suryawanshi | Dumne, Shubham Laxman";"A comparative study of analysis and design of reinforced cement concrete and post tension beam building structures";;;;;2024;57;"Civil Engineering "
2026-07-03;DIS697;624;"Mr. Anwaruddin, MD | Madpatte, Niteenkumar Mohanrao";"Analysis of G+6 storey building with inclined columns";;;;;2024;73;"Civil Engineering "
2026-07-03;DIS698;621.3;"Dr. Patil Jeet P | Prof. Jadhav Tilak S | Jogdand, Pranita Uttam";"Streamlining teamcenter customization and configuration a hybrid approch using manual BMIDE configuration and modular scripting";;;;;2024;52;"Mechanical Engineering "
2026-07-03;DIS699;624;;"Seismic analysis of steel frame building with different types of bracing arrangement ";;;;;2024;73;"Civil Engineering"
2026-07-03;DIS700;624;;"Seismic analysis of steel concrete hybrid";;;;;2024;68;"Civil Engineeirng"
2022-06-24;"DIS 620";624;"Ms. Gunjkar, Aakanksha Dileeprao | Prof. Dhae, P d | Mr. Kurhe, C N";"""Design of faft foundation resting on piles""";;;;;2021;49;"Civil Engineering "
